media_v_viii,nota_finala_romana,nota_finala_matematica,media
5.35,1.70,1.50,1.60
5.84,1.00,1.00,1.00
5.94,2.85,5.50,4.17
6.00,1.20,2.00,1.60
6.06,2.80,3.00,2.90
6.10,1.90,3.50,2.70
6.13,1.70,1.50,1.60
6.16,2.20,2.00,2.10
6.18,4.05,5.00,4.52
6.20,2.00,4.00,3.00
6.22,2.00,4.00,3.00
6.24,2.40,3.00,2.70
6.26,2.05,3.00,2.52
6.28,1.85,3.50,2.67
6.29,2.75,2.00,2.37
6.30,2.95,4.50,3.72
6.32,2.55,3.50,3.02
6.33,3.10,3.50,3.30
6.35,1.60,2.50,2.05
6.36,2.10,1.50,1.80
6.38,1.30,3.00,2.15
6.39,2.60,2.00,2.30
6.40,3.55,3.00,3.27
6.42,1.90,2.00,1.95
6.43,2.60,2.50,2.55
6.44,2.60,3.50,3.05
6.45,2.85,4.60,3.72
6.46,2.40,4.00,3.20
6.47,2.25,3.50,2.87
6.48,1.75,3.50,2.62
6.49,1.75,1.50,1.62
6.50,1.80,3.50,2.65
6.51,1.60,2.00,1.80
6.51,3.25,6.50,4.87
6.52,2.45,2.50,2.47
6.53,2.15,4.50,3.32
6.53,4.50,4.00,4.25
6.54,3.10,2.50,2.80
6.55,2.30,2.00,2.15
6.56,1.90,2.50,2.20
6.56,4.45,4.00,4.22
6.57,3.00,2.50,2.75
6.58,2.15,3.00,2.57
6.58,3.80,7.00,5.40
6.59,2.50,2.50,2.50
6.60,2.15,3.00,2.57
6.60,4.05,4.00,4.02
6.61,2.15,5.50,3.82
6.61,3.40,3.00,3.20
6.62,2.00,2.50,2.25
6.62,3.55,5.50,4.52
6.63,2.40,5.05,3.72
6.63,5.15,3.00,4.07
6.64,2.75,2.00,2.37
6.64,6.25,3.00,4.62
6.65,2.85,4.20,3.52
6.66,1.80,2.00,1.90
6.66,3.45,3.00,3.22
6.67,2.25,4.50,3.37
6.67,3.45,3.00,3.22
6.68,2.60,1.50,2.05
6.68,4.15,3.05,3.60
6.69,2.45,4.50,3.47
6.69,3.95,3.00,3.47
6.70,2.70,1.50,2.10
6.70,4.35,6.00,5.17
6.71,2.30,4.00,3.15
6.71,3.60,6.50,5.05
6.72,2.20,3.50,2.85
6.72,3.25,7.10,5.17
6.73,2.05,2.50,2.27
6.73,3.70,5.00,4.35
6.74,2.00,4.00,3.00
6.74,2.95,1.50,2.22
6.75,1.70,3.50,2.60
6.75,3.05,4.00,3.52
6.75,4.90,4.55,4.72
6.76,2.70,2.50,2.60
6.76,3.60,4.00,3.80
6.77,1.70,2.50,2.10
6.77,2.90,3.00,2.95
6.77,4.30,5.50,4.90
6.78,2.35,2.00,2.17
6.78,3.30,4.35,3.82
6.79,1.90,4.50,3.20
6.79,3.30,2.00,2.65
6.80,2.00,2.00,2.00
6.80,2.85,5.00,3.92
6.80,4.05,3.00,3.52
6.81,2.50,2.50,2.50
6.81,3.95,4.90,4.42
6.82,2.35,3.50,2.92
6.82,3.60,6.05,4.82
6.83,1.70,2.05,1.87
6.83,3.25,3.50,3.37
6.83,5.95,4.55,5.25
6.84,2.70,4.50,3.60
6.84,4.05,3.00,3.52
6.85,2.50,4.00,3.25
6.85,3.45,3.00,3.22
6.85,4.75,5.05,4.90
6.86,2.85,3.00,2.92
6.86,4.05,2.50,3.27
6.87,2.25,3.00,2.62
6.87,3.10,5.55,4.32
6.87,5.20,3.65,4.42
6.88,2.35,3.50,2.92
6.88,3.30,3.50,3.40
6.88,5.35,2.50,3.92
6.89,2.60,3.50,3.05
6.89,3.65,1.50,2.57
6.90,1.90,3.00,2.45
6.90,3.00,3.50,3.25
6.90,4.75,4.00,4.37
6.91,2.40,4.05,3.22
6.91,3.05,3.50,3.27
6.91,4.45,3.00,3.72
6.92,2.35,6.50,4.42
6.92,3.50,5.50,4.50
6.92,4.75,4.50,4.62
6.93,2.60,3.00,2.80
6.93,3.60,4.00,3.80
6.93,5.05,5.05,5.05
6.94,2.30,2.00,2.15
6.94,2.80,4.50,3.65
6.94,3.90,4.50,4.20
6.94,6.55,4.00,5.27
6.95,2.80,5.00,3.90
6.95,4.10,5.70,4.90
6.96,1.70,3.50,2.60
6.96,3.00,3.00,3.00
6.96,4.10,5.00,4.55
6.97,1.90,2.50,2.20
6.97,2.85,3.00,2.92
6.97,3.45,2.00,2.72
6.97,4.90,4.10,4.50
6.98,2.60,3.00,2.80
6.98,3.65,4.50,4.07
6.98,5.25,4.00,4.62
6.99,2.60,3.50,3.05
6.99,3.15,5.50,4.32
6.99,4.10,3.50,3.80
7.00,1.75,1.50,1.62
7.00,2.85,2.50,2.67
7.00,3.70,6.00,4.85
7.00,4.65,5.00,4.82
7.01,2.40,3.00,2.70
7.01,3.20,2.50,2.85
7.01,4.40,4.50,4.45
7.02,1.55,1.50,1.52
7.02,3.00,4.00,3.50
7.02,3.95,3.05,3.50
7.02,6.10,5.50,5.80
7.03,2.55,4.00,3.27
7.03,3.25,3.00,3.12
7.03,4.35,5.00,4.67
7.04,1.90,3.00,2.45
7.04,3.05,3.00,3.02
7.04,4.05,3.00,3.52
7.04,5.55,4.00,4.77
7.05,2.80,3.00,2.90
7.05,3.70,5.00,4.35
7.05,5.20,6.90,6.05
7.06,2.35,5.00,3.67
7.06,3.20,3.00,3.10
7.06,4.10,6.00,5.05
7.06,6.20,5.00,5.60
7.07,2.80,2.55,2.67
7.07,3.80,4.00,3.90
7.07,4.85,4.50,4.67
7.08,2.40,3.50,2.95
7.08,3.30,2.00,2.65
7.08,4.15,3.60,3.87
7.09,1.70,2.00,1.85
7.09,2.80,4.00,3.40
7.09,3.75,3.60,3.67
7.09,4.85,5.50,5.17
7.10,2.40,2.00,2.20
7.10,3.40,1.50,2.45
7.10,4.35,6.00,5.17
7.11,1.60,3.00,2.30
7.11,2.80,3.50,3.15
7.11,3.75,3.00,3.37
7.11,5.00,5.00,5.00
7.12,2.50,2.00,2.25
7.12,3.15,3.00,3.07
7.12,3.80,5.60,4.70
7.12,4.75,3.50,4.12
7.13,2.20,4.00,3.10
7.13,3.05,3.50,3.27
7.13,3.85,6.00,4.92
7.13,5.10,5.00,5.05
7.14,2.65,2.50,2.57
7.14,3.40,2.50,2.95
7.14,4.45,4.50,4.47
7.14,6.90,3.00,4.95
7.15,2.90,5.10,4.00
7.15,3.75,1.50,2.62
7.15,4.90,4.80,4.85
7.16,1.70,3.00,2.35
7.16,2.65,3.50,3.07
7.16,3.25,3.05,3.15
7.16,3.80,6.85,5.32
7.16,4.80,5.00,4.90
7.17,2.05,2.50,2.27
7.17,2.90,5.50,4.20
7.17,3.65,3.05,3.35
7.17,4.50,3.00,3.75
7.17,6.55,3.50,5.02
7.18,2.70,4.00,3.35
7.18,3.40,4.65,4.02
7.18,4.20,4.00,4.10
7.18,5.45,3.50,4.47
7.19,2.75,3.50,3.12
7.19,3.65,3.50,3.57
7.19,4.55,4.00,4.27
7.19,5.50,4.00,4.75
7.20,2.60,2.50,2.55
7.20,3.35,1.50,2.42
7.20,4.05,3.00,3.52
7.20,4.70,4.00,4.35
7.21,2.10,1.00,1.55
7.21,3.05,6.50,4.77
7.21,3.75,2.50,3.12
7.21,4.45,5.00,4.72
7.21,5.45,4.50,4.97
7.22,2.45,4.00,3.22
7.22,3.15,3.50,3.32
7.22,3.75,2.00,2.87
7.22,4.45,4.05,4.25
7.22,5.05,5.10,5.07
7.23,1.75,2.50,2.12
7.23,2.85,4.00,3.42
7.23,3.50,5.50,4.50
7.23,4.55,3.50,4.02
7.23,6.45,5.00,5.72
7.24,2.90,6.00,4.45
7.24,3.85,5.55,4.70
7.24,4.50,4.20,4.35
7.24,6.10,3.55,4.82
7.25,2.65,2.50,2.57
7.25,3.30,3.00,3.15
7.25,4.20,4.00,4.10
7.25,5.10,3.70,4.40
7.26,1.80,3.50,2.65
7.26,2.95,5.60,4.27
7.26,3.55,2.50,3.02
7.26,4.45,3.00,3.72
7.26,5.60,7.05,6.32
7.27,2.60,3.00,2.80
7.27,3.35,4.00,3.67
7.27,3.95,3.05,3.50
7.27,4.70,5.50,5.10
7.27,5.60,4.50,5.05
7.28,2.70,3.00,2.85
7.28,3.55,5.50,4.52
7.28,4.40,3.55,3.97
7.28,5.45,3.50,4.47
7.29,2.60,2.00,2.30
7.29,3.30,2.50,2.90
7.29,4.10,4.50,4.30
7.29,4.80,2.50,3.65
7.29,5.95,5.70,5.82
7.30,2.85,3.00,2.92
7.30,3.50,6.50,5.00
7.30,4.35,4.60,4.47
7.30,5.00,5.05,5.02
7.30,6.90,3.50,5.20
7.31,2.80,3.50,3.15
7.31,3.50,4.10,3.80
7.31,4.20,3.50,3.85
7.31,4.95,5.00,4.97
7.31,5.75,6.65,6.20
7.32,2.65,4.00,3.32
7.32,3.35,2.50,2.92
7.32,3.90,3.00,3.45
7.32,4.55,6.50,5.52
7.32,5.45,4.70,5.07
7.33,2.35,2.50,2.42
7.33,3.25,2.50,2.87
7.33,3.85,4.10,3.97
7.33,4.55,3.50,4.02
7.33,5.20,2.00,3.60
7.34,2.00,2.00,2.00
7.34,2.95,5.50,4.22
7.34,3.60,3.50,3.55
7.34,4.35,4.50,4.42
7.34,5.30,5.00,5.15
7.35,2.50,2.50,2.50
7.35,3.35,4.50,3.92
7.35,4.05,4.05,4.05
7.35,4.60,5.00,4.80
7.35,5.30,6.50,5.90
7.36,2.00,3.05,2.52
7.36,3.10,2.55,2.82
7.36,4.05,4.00,4.02
7.36,4.70,5.00,4.85
7.36,5.60,5.00,5.30
7.37,2.80,3.50,3.15
7.37,3.50,3.00,3.25
7.37,4.45,5.00,4.72
7.37,5.15,3.50,4.32
7.37,6.90,4.35,5.62
7.38,2.90,4.00,3.45
7.38,3.60,6.00,4.80
7.38,4.25,6.00,5.12
7.38,4.80,6.00,5.40
7.38,5.75,4.00,4.87
7.39,2.60,2.00,2.30
7.39,3.60,4.00,3.80
7.39,4.45,4.00,4.22
7.39,5.00,3.00,4.00
7.39,6.10,3.50,4.80
7.40,2.90,3.50,3.20
7.40,3.55,2.00,2.77
7.40,4.15,5.50,4.82
7.40,4.95,3.75,4.35
7.40,5.90,4.20,5.05
7.41,2.90,4.50,3.70
7.41,3.55,4.50,4.02
7.41,4.20,2.50,3.35
7.41,4.90,2.55,3.72
7.41,5.55,4.10,4.82
7.42,2.40,4.00,3.20
7.42,3.35,4.50,3.92
7.42,4.10,4.00,4.05
7.42,4.70,3.00,3.85
7.42,5.40,4.50,4.95
7.43,2.40,2.00,2.20
7.43,3.10,5.10,4.10
7.43,3.95,4.00,3.97
7.43,4.50,2.50,3.50
7.43,5.05,3.00,4.02
7.43,5.65,5.60,5.62
7.44,2.50,3.50,3.00
7.44,3.30,4.00,3.65
7.44,4.00,5.00,4.50
7.44,4.80,4.70,4.75
7.44,5.30,5.00,5.15
7.45,2.30,4.50,3.40
7.45,3.10,2.00,2.55
7.45,3.80,3.10,3.45
7.45,4.35,2.00,3.17
7.45,4.90,3.50,4.20
7.45,5.40,5.55,5.47
7.45,7.10,6.85,6.97
7.46,3.05,5.00,4.02
7.46,3.70,6.00,4.85
7.46,4.15,6.80,5.47
7.46,4.85,4.10,4.47
7.46,5.50,3.70,4.60
7.46,6.50,6.25,6.37
7.47,3.10,5.00,4.05
7.47,3.80,4.55,4.17
7.47,4.40,4.65,4.52
7.47,5.10,4.00,4.55
7.47,5.85,4.20,5.02
7.48,2.75,3.50,3.12
7.48,3.65,4.50,4.07
7.48,4.30,4.00,4.15
7.48,4.95,5.50,5.22
7.48,5.55,6.55,6.05
7.49,2.50,3.50,3.00
7.49,3.55,4.00,3.77
7.49,4.20,3.50,3.85
7.49,4.75,3.00,3.87
7.49,5.30,4.05,4.67
7.49,6.05,5.50,5.77
7.50,2.55,3.50,3.02
7.50,3.50,3.05,3.27
7.50,4.30,3.50,3.90
7.50,4.80,5.20,5.00
7.50,5.35,5.20,5.27
7.50,9.05,8.45,8.75
7.51,3.20,4.00,3.60
7.51,3.95,6.00,4.97
7.51,4.65,3.65,4.15
7.51,5.20,4.65,4.92
7.51,6.05,3.55,4.80
7.52,3.00,3.00,3.00
7.52,3.75,3.00,3.37
7.52,4.35,3.10,3.72
7.52,4.95,3.50,4.22
7.52,5.65,5.55,5.60
7.53,2.90,3.00,2.95
7.53,3.65,3.50,3.57
7.53,4.30,4.30,4.30
7.53,4.85,5.60,5.22
7.53,5.30,3.50,4.40
7.53,7.70,6.85,7.27
7.54,3.00,4.00,3.50
7.54,3.70,5.50,4.60
7.54,4.20,3.05,3.62
7.54,4.55,6.35,5.45
7.54,5.25,4.50,4.87
7.54,6.00,3.50,4.75
7.55,2.80,3.00,2.90
7.55,3.65,2.50,3.07
7.55,4.20,2.95,3.57
7.55,4.75,4.90,4.82
7.55,5.20,4.50,4.85
7.55,5.85,5.65,5.75
7.56,2.60,4.50,3.55
7.56,3.55,3.50,3.52
7.56,4.25,5.55,4.90
7.56,4.85,4.30,4.57
7.56,5.30,3.80,4.55
7.56,5.90,5.75,5.82
7.57,2.80,2.50,2.65
7.57,3.60,3.50,3.55
7.57,4.15,3.60,3.87
7.57,4.70,3.50,4.10
7.57,5.20,4.50,4.85
7.57,5.95,5.00,5.47
7.58,2.75,6.00,4.37
7.58,3.60,3.75,3.67
7.58,4.25,2.50,3.37
7.58,4.90,2.55,3.72
7.58,5.40,5.80,5.60
7.58,6.45,3.10,4.77
7.59,3.00,2.50,2.75
7.59,3.60,2.50,3.05
7.59,4.25,5.50,4.87
7.59,4.75,2.50,3.62
7.59,5.15,4.00,4.57
7.59,5.90,2.50,4.20
7.60,2.60,2.00,2.30
7.60,3.50,3.05,3.27
7.60,4.00,5.10,4.55
7.60,4.75,4.50,4.62
7.60,5.25,7.00,6.12
7.60,5.75,4.00,4.87
7.60,7.35,3.50,5.42
7.61,3.35,3.00,3.17
7.61,3.90,4.00,3.95
7.61,4.50,3.00,3.75
7.61,5.00,4.50,4.75
7.61,5.60,4.55,5.07
7.61,6.45,4.05,5.25
7.62,2.80,2.00,2.40
7.62,3.55,3.00,3.27
7.62,4.35,3.00,3.67
7.62,4.65,2.50,3.57
7.62,5.00,5.90,5.45
7.62,5.80,5.00,5.40
7.62,7.40,6.10,6.75
7.63,3.10,6.50,4.80
7.63,3.90,5.60,4.75
7.63,4.55,2.50,3.52
7.63,5.10,5.00,5.05
7.63,5.55,5.50,5.52
7.63,7.15,6.75,6.95
7.64,3.20,3.00,3.10
7.64,4.10,5.00,4.55
7.64,4.60,4.60,4.60
7.64,5.15,4.60,4.87
7.64,5.85,7.20,6.52
7.64,7.90,7.35,7.62
7.65,3.30,4.00,3.65
7.65,4.10,1.50,2.80
7.65,4.60,5.55,5.07
7.65,5.00,4.50,4.75
7.65,5.30,2.50,3.90
7.65,5.90,6.95,6.42
7.66,2.60,4.50,3.55
7.66,3.65,6.50,5.07
7.66,4.40,6.05,5.22
7.66,4.85,4.55,4.70
7.66,5.45,4.00,4.72
7.66,6.20,2.50,4.35
7.67,2.80,3.50,3.15
7.67,3.50,3.00,3.25
7.67,4.10,2.50,3.30
7.67,4.65,4.50,4.57
7.67,5.00,5.20,5.10
7.67,5.35,5.00,5.17
7.67,6.15,3.50,4.82
7.68,2.95,5.00,3.97
7.68,3.85,5.10,4.47
7.68,4.40,2.55,3.47
7.68,5.00,3.50,4.25
7.68,5.35,2.50,3.92
7.68,5.90,6.75,6.32
7.68,7.35,4.00,5.67
7.69,3.25,2.00,2.62
7.69,4.05,5.50,4.77
7.69,4.65,5.70,5.17
7.69,5.30,7.30,6.30
7.69,6.20,5.05,5.62
7.70,2.80,3.00,2.90
7.70,3.40,6.05,4.72
7.70,4.10,4.50,4.30
7.70,4.55,4.00,4.27
7.70,5.05,5.00,5.02
7.70,5.55,6.50,6.02
7.70,6.65,7.25,6.95
7.71,2.95,3.00,2.97
7.71,3.80,3.00,3.40
7.71,4.45,5.50,4.97
7.71,4.90,3.50,4.20
7.71,5.25,4.70,4.97
7.71,5.55,6.50,6.02
7.71,6.25,4.40,5.32
7.72,2.80,3.50,3.15
7.72,3.60,4.00,3.80
7.72,4.20,6.00,5.10
7.72,4.75,5.20,4.97
7.72,5.20,5.00,5.10
7.72,5.75,7.00,6.37
7.72,6.95,8.30,7.62
7.73,3.20,2.50,2.85
7.73,3.85,3.00,3.42
7.73,4.40,4.65,4.52
7.73,4.85,4.00,4.42
7.73,5.35,5.60,5.47
7.73,5.95,4.20,5.07
7.73,8.10,4.95,6.52
7.74,3.40,2.50,2.95
7.74,4.05,3.50,3.77
7.74,4.50,2.70,3.60
7.74,5.05,3.85,4.45
7.74,5.40,4.50,4.95
7.74,6.25,6.50,6.37
7.75,2.80,6.70,4.75
7.75,3.60,4.50,4.05
7.75,4.25,3.00,3.62
7.75,4.75,5.20,4.97
7.75,5.15,4.50,4.82
7.75,5.70,5.70,5.70
7.75,6.70,6.50,6.60
7.76,2.90,3.50,3.20
7.76,3.85,3.10,3.47
7.76,4.45,3.50,3.97
7.76,4.90,4.85,4.87
7.76,5.25,3.00,4.12
7.76,5.60,4.15,4.87
7.76,6.20,6.55,6.37
7.77,2.75,3.50,3.12
7.77,4.05,5.15,4.60
7.77,4.40,6.50,5.45
7.77,5.05,3.60,4.32
7.77,5.45,7.00,6.22
7.77,5.85,6.05,5.95
7.77,6.90,3.50,5.20
7.78,3.20,3.00,3.10
7.78,4.05,3.55,3.80
7.78,4.40,4.50,4.45
7.78,4.80,3.00,3.90
7.78,5.20,3.50,4.35
7.78,5.60,4.55,5.07
7.78,6.10,4.80,5.45
7.79,1.40,4.00,2.70
7.79,3.55,2.50,3.02
7.79,4.25,4.50,4.37
7.79,4.70,6.00,5.35
7.79,5.10,6.70,5.90
7.79,5.55,4.70,5.12
7.79,6.10,6.40,6.25
7.79,7.85,5.20,6.52
7.80,3.35,2.55,2.95
7.80,4.05,2.50,3.27
7.80,4.55,4.00,4.27
7.80,5.15,3.55,4.35
7.80,5.60,4.30,4.95
7.80,5.95,6.15,6.05
7.80,7.00,5.00,6.00
7.81,3.20,4.15,3.67
7.81,4.30,2.50,3.40
7.81,4.75,4.00,4.37
7.81,5.10,5.35,5.22
7.81,5.45,5.50,5.47
7.81,6.30,4.60,5.45
7.82,2.95,6.05,4.50
7.82,3.80,3.00,3.40
7.82,4.30,2.50,3.40
7.82,4.70,5.00,4.85
7.82,5.15,4.50,4.82
7.82,5.55,5.30,5.42
7.82,6.10,6.00,6.05
7.82,6.95,7.00,6.97
7.83,3.20,3.55,3.37
7.83,3.90,5.40,4.65
7.83,4.50,3.65,4.07
7.83,4.90,6.70,5.80
7.83,5.35,4.00,4.67
7.83,5.80,5.35,5.57
7.83,6.55,4.00,5.27
7.84,2.95,4.00,3.47
7.84,3.80,3.00,3.40
7.84,4.60,3.00,3.80
7.84,5.00,4.50,4.75
7.84,5.45,5.40,5.42
7.84,5.75,3.05,4.40
7.84,6.30,5.10,5.70
7.85,2.25,2.00,2.12
7.85,3.55,3.50,3.52
7.85,4.15,3.75,3.95
7.85,4.65,6.00,5.32
7.85,5.05,3.25,4.15
7.85,5.35,7.00,6.17
7.85,5.75,4.15,4.95
7.85,6.50,5.20,5.85
7.86,2.30,2.00,2.15
7.86,3.70,3.00,3.35
7.86,4.25,3.50,3.87
7.86,4.80,5.00,4.90
7.86,5.25,4.00,4.62
7.86,5.65,4.65,5.15
7.86,6.25,6.65,6.45
7.87,2.45,2.00,2.22
7.87,3.70,4.50,4.10
7.87,4.35,6.10,5.22
7.87,4.70,5.50,5.10
7.87,5.10,3.00,4.05
7.87,5.45,2.50,3.97
7.87,5.85,7.10,6.47
7.87,6.80,6.95,6.87
7.88,2.85,5.00,3.92
7.88,3.75,3.50,3.62
7.88,4.45,4.50,4.47
7.88,4.95,3.00,3.97
7.88,5.30,4.50,4.90
7.88,5.80,5.55,5.67
7.88,6.35,3.60,4.97
7.88,8.70,7.65,8.17
7.89,3.55,5.65,4.60
7.89,4.35,3.00,3.67
7.89,4.70,5.25,4.97
7.89,5.05,6.00,5.52
7.89,5.45,5.15,5.30
7.89,5.80,4.15,4.97
7.89,6.35,2.50,4.42
7.90,2.70,4.00,3.35
7.90,3.90,2.60,3.25
7.90,4.40,4.50,4.45
7.90,4.80,4.70,4.75
7.90,5.25,5.00,5.12
7.90,5.60,4.50,5.05
7.90,6.00,3.50,4.75
7.90,6.55,7.20,6.87
7.91,2.95,6.00,4.47
7.91,3.85,5.50,4.67
7.91,4.55,4.50,4.52
7.91,5.00,5.00,5.00
7.91,5.45,5.00,5.22
7.91,5.90,5.05,5.47
7.91,6.55,6.50,6.52
7.92,3.00,3.50,3.25
7.92,4.00,2.50,3.25
7.92,4.50,4.05,4.27
7.92,4.85,7.00,5.92
7.92,5.35,4.00,4.67
7.92,5.75,6.50,6.12
7.92,6.15,6.00,6.07
7.92,7.35,4.65,6.00
7.93,3.35,5.15,4.25
7.93,4.40,2.50,3.45
7.93,4.80,4.50,4.65
7.93,5.05,5.10,5.07
7.93,5.35,4.55,4.95
7.93,5.80,3.00,4.40
7.93,6.40,5.00,5.70
7.94,2.50,4.50,3.50
7.94,3.50,4.05,3.77
7.94,4.30,4.50,4.40
7.94,4.75,5.50,5.12
7.94,5.10,5.00,5.05
7.94,5.40,4.10,4.75
7.94,5.95,7.05,6.50
7.94,6.50,4.50,5.50
7.95,2.25,2.50,2.37
7.95,3.85,6.35,5.10
7.95,4.50,3.50,4.00
7.95,4.90,2.00,3.45
7.95,5.25,3.50,4.37
7.95,5.55,5.55,5.55
7.95,6.00,6.20,6.10
7.95,6.50,4.90,5.70
7.96,2.75,3.50,3.12
7.96,3.80,2.55,3.17
7.96,4.65,3.50,4.07
7.96,5.05,5.80,5.42
7.96,5.30,4.20,4.75
7.96,5.65,7.00,6.32
7.96,6.15,4.60,5.37
7.96,7.10,3.00,5.05
7.97,3.40,2.00,2.70
7.97,4.10,4.20,4.15
7.97,4.75,3.50,4.12
7.97,5.20,3.00,4.10
7.97,5.60,4.70,5.15
7.97,6.15,4.10,5.12
7.97,6.65,7.00,6.82
7.98,2.90,4.50,3.70
7.98,3.85,6.00,4.92
7.98,4.60,5.70,5.15
7.98,4.90,5.00,4.95
7.98,5.20,6.50,5.85
7.98,5.50,2.50,4.00
7.98,5.80,5.05,5.42
7.98,6.30,4.70,5.50
7.98,7.90,7.35,7.62
7.99,3.80,2.50,3.15
7.99,4.35,5.10,4.72
7.99,4.80,5.15,4.97
7.99,5.05,5.65,5.35
7.99,5.45,3.50,4.47
7.99,5.90,5.05,5.47
7.99,6.60,4.15,5.37
7.99,8.35,5.75,7.05
8.00,3.95,2.50,3.22
8.00,4.65,5.50,5.07
8.00,5.05,4.50,4.77
8.00,5.30,2.00,3.65
8.00,5.50,6.00,5.75
8.00,5.90,5.60,5.75
8.00,6.40,6.25,6.32
8.00,7.50,5.85,6.67
8.01,3.95,6.50,5.22
8.01,4.60,3.50,4.05
8.01,5.00,4.20,4.60
8.01,5.35,2.70,4.02
8.01,5.65,4.25,4.95
8.01,5.95,5.70,5.82
8.01,6.30,4.65,5.47
8.01,7.10,4.00,5.55
8.02,3.20,3.55,3.37
8.02,4.20,4.05,4.12
8.02,4.80,3.05,3.92
8.02,5.10,5.75,5.42
8.02,5.35,6.25,5.80
8.02,5.75,7.60,6.67
8.02,6.30,6.50,6.40
8.02,6.90,5.50,6.20
8.03,3.50,3.10,3.30
8.03,4.25,4.15,4.20
8.03,4.80,2.00,3.40
8.03,5.10,6.00,5.55
8.03,5.45,4.50,4.97
8.03,5.85,3.00,4.42
8.03,6.35,5.95,6.15
8.03,7.35,6.90,7.12
8.04,3.90,4.50,4.20
8.04,4.50,3.00,3.75
8.04,5.00,3.50,4.25
8.04,5.20,4.00,4.60
8.04,5.60,2.10,3.85
8.04,5.85,4.50,5.17
8.04,6.20,6.80,6.50
8.04,6.70,6.90,6.80
8.05,2.05,2.50,2.27
8.05,3.80,6.50,5.15
8.05,4.35,7.00,5.67
8.05,4.75,7.20,5.97
8.05,5.15,3.00,4.07
8.05,5.40,4.50,4.95
8.05,5.70,5.00,5.35
8.05,6.10,3.70,4.90
8.05,6.65,6.00,6.32
8.06,2.35,4.00,3.17
8.06,3.80,3.00,3.40
8.06,4.45,3.50,3.97
8.06,4.90,1.50,3.20
8.06,5.15,5.90,5.52
8.06,5.45,6.50,5.97
8.06,5.90,3.10,4.50
8.06,6.35,5.20,5.77
8.06,7.10,5.00,6.05
8.07,3.00,7.00,5.00
8.07,4.25,6.00,5.12
8.07,4.80,5.00,4.90
8.07,5.10,3.10,4.10
8.07,5.40,7.30,6.35
8.07,5.75,7.00,6.37
8.07,6.30,5.60,5.95
8.07,7.35,4.00,5.67
8.08,3.55,4.00,3.77
8.08,4.25,2.50,3.37
8.08,4.80,4.50,4.65
8.08,5.10,5.10,5.10
8.08,5.40,6.50,5.95
8.08,5.80,5.05,5.42
8.08,6.10,4.70,5.40
8.08,6.80,4.50,5.65
8.09,3.60,4.70,4.15
8.09,4.45,6.30,5.37
8.09,4.90,3.50,4.20
8.09,5.20,4.65,4.92
8.09,5.50,3.50,4.50
8.09,5.80,6.00,5.90
8.09,6.30,4.60,5.45
8.09,6.95,5.50,6.22
8.10,2.90,3.00,2.95
8.10,4.00,4.00,4.00
8.10,4.55,4.10,4.32
8.10,5.05,3.70,4.37
8.10,5.30,5.30,5.30
8.10,5.65,4.40,5.02
8.10,6.00,2.00,4.00
8.10,6.40,3.50,4.95
8.10,7.00,9.15,8.07
8.11,3.45,3.50,3.47
8.11,4.25,5.85,5.05
8.11,4.80,4.00,4.40
8.11,5.15,4.60,4.87
8.11,5.45,4.10,4.77
8.11,5.75,4.00,4.87
8.11,6.10,4.45,5.27
8.11,6.50,5.25,5.87
8.11,7.55,4.50,6.02
8.12,3.90,4.00,3.95
8.12,4.55,4.00,4.27
8.12,5.05,6.50,5.77
8.12,5.30,5.60,5.45
8.12,5.65,6.05,5.85
8.12,6.15,6.40,6.27
8.12,6.75,6.25,6.50
8.12,8.40,8.05,8.22
8.13,4.15,5.35,4.75
8.13,4.80,5.00,4.90
8.13,5.20,4.20,4.70
8.13,5.45,6.70,6.07
8.13,5.85,5.75,5.80
8.13,6.35,6.15,6.25
8.13,6.90,6.80,6.85
8.14,3.60,5.55,4.57
8.14,4.25,6.00,5.12
8.14,4.85,2.65,3.75
8.14,5.20,4.00,4.60
8.14,5.50,5.40,5.45
8.14,5.80,4.65,5.22
8.14,6.20,3.10,4.65
8.14,6.70,4.05,5.37
8.14,7.25,4.00,5.62
8.15,3.55,3.60,3.57
8.15,4.50,4.50,4.50
8.15,5.05,4.50,4.77
8.15,5.35,5.20,5.27
8.15,5.60,3.00,4.30
8.15,5.85,6.35,6.10
8.15,6.25,3.50,4.87
8.15,6.75,5.90,6.32
8.15,7.40,4.25,5.82
8.16,3.15,3.00,3.07
8.16,4.35,5.00,4.67
8.16,4.80,5.35,5.07
8.16,5.15,3.00,4.07
8.16,5.55,5.50,5.52
8.16,5.90,3.00,4.45
8.16,6.30,5.50,5.90
8.16,6.65,5.05,5.85
8.16,7.50,5.40,6.45
8.17,3.50,3.50,3.50
8.17,4.45,3.55,4.00
8.17,4.90,6.40,5.65
8.17,5.20,4.65,4.92
8.17,5.50,5.70,5.60
8.17,5.85,3.50,4.67
8.17,6.15,4.95,5.55
8.17,6.65,4.20,5.42
8.17,7.25,8.90,8.07
8.18,3.45,1.50,2.47
8.18,4.45,2.50,3.47
8.18,4.90,6.10,5.50
8.18,5.20,3.05,4.12
8.18,5.50,5.80,5.65
8.18,5.75,2.50,4.12
8.18,6.15,2.55,4.35
8.18,6.65,6.35,6.50
8.18,8.40,8.80,8.60
8.19,3.95,4.55,4.25
8.19,4.75,3.00,3.87
8.19,5.00,7.00,6.00
8.19,5.30,3.00,4.15
8.19,5.55,4.15,4.85
8.19,5.95,3.80,4.87
8.19,6.25,4.00,5.12
8.19,6.55,4.10,5.32
8.19,7.30,5.85,6.57
8.20,3.40,4.00,3.70
8.20,4.35,4.00,4.17
8.20,4.90,6.00,5.45
8.20,5.15,5.30,5.22
8.20,5.45,3.30,4.37
8.20,5.80,5.50,5.65
8.20,6.15,6.30,6.22
8.20,6.65,6.00,6.32
8.20,7.45,4.40,5.92
8.21,3.35,3.00,3.17
8.21,4.40,6.15,5.27
8.21,4.90,5.40,5.15
8.21,5.15,6.90,6.02
8.21,5.45,5.00,5.22
8.21,5.75,5.60,5.67
8.21,6.10,6.75,6.42
8.21,6.40,4.85,5.62
8.21,6.85,4.90,5.87
8.21,7.35,7.40,7.37
8.22,3.75,4.00,3.87
8.22,4.60,4.80,4.70
8.22,5.00,4.00,4.50
8.22,5.20,4.50,4.85
8.22,5.40,5.70,5.55
8.22,5.75,5.70,5.72
8.22,6.05,5.80,5.92
8.22,6.50,5.50,6.00
8.22,7.00,4.25,5.62
8.22,9.20,7.35,8.27
8.23,4.05,4.50,4.27
8.23,4.75,5.70,5.22
8.23,5.20,5.85,5.52
8.23,5.50,7.20,6.35
8.23,5.90,4.00,4.95
8.23,6.30,3.70,5.00
8.23,6.65,4.90,5.77
8.23,7.15,6.30,6.72
8.24,3.25,4.50,3.87
8.24,4.45,4.70,4.57
8.24,5.00,4.20,4.60
8.24,5.30,4.50,4.90
8.24,5.60,7.25,6.42
8.24,5.90,5.50,5.70
8.24,6.25,6.05,6.15
8.24,6.60,4.35,5.47
8.24,7.15,7.45,7.30
8.25,3.40,3.00,3.20
8.25,4.50,2.05,3.27
8.25,5.00,3.00,4.00
8.25,5.30,5.00,5.15
8.25,5.60,3.60,4.60
8.25,5.85,5.05,5.45
8.25,6.10,3.60,4.85
8.25,6.40,6.70,6.55
8.25,6.85,3.10,4.97
8.25,8.75,5.60,7.17
8.26,4.30,3.00,3.65
8.26,4.85,2.00,3.42
8.26,5.20,2.00,3.60
8.26,5.45,6.00,5.72
8.26,5.75,3.00,4.37
8.26,6.05,5.20,5.62
8.26,6.40,5.60,6.00
8.26,6.95,7.70,7.32
8.26,8.10,8.40,8.25
8.27,4.00,4.70,4.35
8.27,4.75,6.00,5.37
8.27,5.10,3.65,4.37
8.27,5.35,4.10,4.72
8.27,5.65,4.50,5.07
8.27,6.00,7.45,6.72
8.27,6.35,3.95,5.15
8.27,6.60,7.00,6.80
8.27,7.10,6.60,6.85
8.28,3.35,5.55,4.45
8.28,4.55,6.45,5.50
8.28,5.05,3.00,4.02
8.28,5.30,4.50,4.90
8.28,5.65,3.50,4.57
8.28,5.90,3.50,4.70
8.28,6.20,4.55,5.37
8.28,6.60,4.05,5.32
8.28,7.00,7.30,7.15
8.29,2.65,4.00,3.32
8.29,4.40,3.50,3.95
8.29,4.95,5.70,5.32
8.29,5.25,5.85,5.55
8.29,5.60,4.10,4.85
8.29,5.75,6.00,5.87
8.29,6.00,7.45,6.72
8.29,6.35,3.90,5.12
8.29,6.80,6.05,6.42
8.29,7.50,5.85,6.67
8.30,3.20,2.50,2.85
8.30,4.15,4.00,4.07
8.30,4.75,3.00,3.87
8.30,5.10,5.10,5.10
8.30,5.40,4.15,4.77
8.30,5.70,4.90,5.30
8.30,6.05,6.00,6.02
8.30,6.35,6.50,6.42
8.30,6.80,4.15,5.47
8.30,7.55,5.80,6.67
8.31,4.05,3.50,3.77
8.31,4.70,4.00,4.35
8.31,5.05,6.00,5.52
8.31,5.45,2.55,4.00
8.31,5.60,4.75,5.17
8.31,5.85,5.50,5.67
8.31,6.15,5.35,5.75
8.31,6.55,5.15,5.85
8.31,7.00,6.00,6.50
8.31,7.95,8.25,8.10
8.32,3.85,4.00,3.92
8.32,4.85,2.50,3.67
8.32,5.20,2.70,3.95
8.32,5.40,6.20,5.80
8.32,5.70,5.50,5.60
8.32,6.10,7.00,6.55
8.32,6.50,4.10,5.30
8.32,6.90,6.80,6.85
8.32,7.45,5.35,6.40
8.33,3.40,5.65,4.52
8.33,4.45,4.00,4.22
8.33,4.95,5.30,5.12
8.33,5.30,4.35,4.82
8.33,5.45,6.40,5.92
8.33,5.75,5.20,5.47
8.33,6.00,6.15,6.07
8.33,6.35,4.25,5.30
8.33,6.65,7.35,7.00
8.33,7.05,4.70,5.87
8.33,7.60,5.70,6.65
8.34,2.75,3.00,2.87
8.34,4.60,4.00,4.30
8.34,5.00,4.90,4.95
8.34,5.25,4.70,4.97
8.34,5.55,3.50,4.52
8.34,5.80,4.00,4.90
8.34,6.05,7.05,6.55
8.34,6.35,6.40,6.37
8.34,6.75,5.70,6.22
8.34,7.25,3.80,5.52
8.35,2.30,1.50,1.90
8.35,4.30,5.00,4.65
8.35,4.85,4.55,4.70
8.35,5.25,2.55,3.90
8.35,5.50,5.50,5.50
8.35,5.80,5.50,5.65
8.35,6.15,5.50,5.82
8.35,6.50,5.60,6.05
8.35,6.90,6.30,6.60
8.35,7.40,6.35,6.87
8.36,3.70,5.25,4.47
8.36,4.75,6.50,5.62
8.36,5.25,2.00,3.62
8.36,5.50,6.50,6.00
8.36,5.80,5.70,5.75
8.36,6.05,6.00,6.02
8.36,6.35,6.25,6.30
8.36,6.75,7.35,7.05
8.36,7.25,5.45,6.35
8.37,2.50,3.05,2.77
8.37,4.40,2.50,3.45
8.37,5.05,3.50,4.27
8.37,5.45,6.60,6.02
8.37,5.75,6.25,6.00
8.37,6.00,4.25,5.12
8.37,6.30,5.70,6.00
8.37,6.65,5.95,6.30
8.37,7.05,6.65,6.85
8.37,7.65,7.40,7.52
8.38,4.00,3.55,3.77
8.38,4.80,4.00,4.40
8.38,5.30,3.50,4.40
8.38,5.60,4.50,5.05
8.38,5.85,4.65,5.25
8.38,6.20,5.85,6.02
8.38,6.50,5.50,6.00
8.38,6.85,6.30,6.57
8.38,7.40,6.95,7.17
8.39,3.80,4.10,3.95
8.39,4.80,6.00,5.40
8.39,5.20,6.80,6.00
8.39,5.50,4.10,4.80
8.39,5.70,6.35,6.02
8.39,6.00,4.20,5.10
8.39,6.30,4.50,5.40
8.39,6.50,5.65,6.07
8.39,6.75,7.30,7.02
8.39,7.30,5.15,6.22
8.39,8.40,8.00,8.20
8.40,4.40,4.00,4.20
8.40,5.05,4.75,4.90
8.40,5.30,4.40,4.85
8.40,5.60,2.50,4.05
8.40,5.85,5.50,5.67
8.40,6.25,3.00,4.62
8.40,6.55,5.40,5.97
8.40,6.85,6.65,6.75
8.40,7.35,7.05,7.20
8.41,2.65,3.00,2.82
8.41,4.60,5.00,4.80
8.41,5.10,3.00,4.05
8.41,5.35,6.15,5.75
8.41,5.60,5.15,5.37
8.41,5.90,7.15,6.52
8.41,6.15,7.30,6.72
8.41,6.45,5.05,5.75
8.41,6.95,5.70,6.32
8.41,7.50,5.55,6.52
8.42,2.50,2.00,2.25
8.42,4.35,4.50,4.42
8.42,5.00,3.50,4.25
8.42,5.30,6.20,5.75
8.42,5.65,5.20,5.42
8.42,5.95,6.45,6.20
8.42,6.25,3.75,5.00
8.42,6.65,5.25,5.95
8.42,6.90,7.55,7.22
8.42,7.40,6.40,6.90
8.43,2.80,2.50,2.65
8.43,4.70,6.50,5.60
8.43,5.15,4.40,4.77
8.43,5.45,5.00,5.22
8.43,5.70,5.00,5.35
8.43,5.95,6.50,6.22
8.43,6.20,4.65,5.42
8.43,6.45,4.50,5.47
8.43,6.80,5.95,6.37
8.43,7.25,5.50,6.37
8.43,8.00,5.40,6.70
8.44,3.90,4.80,4.35
8.44,4.90,5.15,5.02
8.44,5.30,6.30,5.80
8.44,5.55,3.55,4.55
8.44,5.90,6.00,5.95
8.44,6.25,5.20,5.72
8.44,6.55,6.45,6.50
8.44,6.85,5.80,6.32
8.44,7.30,7.90,7.60
8.44,7.95,6.90,7.42
8.45,3.80,5.95,4.87
8.45,4.65,4.00,4.32
8.45,5.25,4.50,4.87
8.45,5.60,3.50,4.55
8.45,5.85,4.05,4.95
8.45,6.15,4.50,5.32
8.45,6.50,3.85,5.17
8.45,6.85,3.20,5.02
8.45,7.40,5.50,6.45
8.46,3.15,6.00,4.57
8.46,4.70,5.35,5.02
8.46,5.15,5.50,5.32
8.46,5.50,2.50,4.00
8.46,5.75,5.00,5.37
8.46,6.00,5.90,5.95
8.46,6.25,4.70,5.47
8.46,6.50,6.55,6.52
8.46,6.90,7.30,7.10
8.46,7.40,4.45,5.92
8.46,8.20,7.65,7.92
8.47,4.45,7.10,5.77
8.47,5.00,3.65,4.32
8.47,5.35,5.55,5.45
8.47,5.55,6.50,6.02
8.47,5.80,4.15,4.97
8.47,6.10,4.50,5.30
8.47,6.40,5.65,6.02
8.47,6.65,6.00,6.32
8.47,6.95,4.00,5.47
8.47,7.25,5.50,6.37
8.47,8.35,6.20,7.27
8.48,4.35,5.85,5.10
8.48,5.05,3.00,4.02
8.48,5.40,5.20,5.30
8.48,5.65,7.05,6.35
8.48,5.95,7.00,6.47
8.48,6.25,6.35,6.30
8.48,6.55,4.85,5.70
8.48,6.80,4.70,5.75
8.48,7.05,6.45,6.75
8.48,7.70,3.60,5.65
8.49,4.10,3.50,3.80
8.49,4.80,3.20,4.00
8.49,5.25,4.80,5.02
8.49,5.50,4.10,4.80
8.49,5.75,6.65,6.20
8.49,6.05,5.60,5.82
8.49,6.30,7.20,6.75
8.49,6.70,4.50,5.60
8.49,6.95,5.25,6.10
8.49,7.40,6.75,7.07
8.49,7.85,4.60,6.22
8.50,3.75,2.50,3.12
8.50,4.80,7.00,5.90
8.50,5.20,6.05,5.62
8.50,5.50,4.50,5.00
8.50,5.80,5.80,5.80
8.50,6.10,4.05,5.07
8.50,6.30,6.50,6.40
8.50,6.55,6.00,6.27
8.50,6.85,6.80,6.82
8.50,7.20,5.70,6.45
8.50,7.75,7.25,7.50
8.51,4.35,2.50,3.42
8.51,5.00,3.00,4.00
8.51,5.40,7.30,6.35
8.51,5.70,6.50,6.10
8.51,6.00,6.00,6.00
8.51,6.40,3.20,4.80
8.51,6.65,6.60,6.62
8.51,7.00,5.70,6.35
8.51,7.50,6.20,6.85
8.51,8.20,3.70,5.95
8.52,4.50,3.55,4.02
8.52,5.20,3.80,4.50
8.52,5.40,6.00,5.70
8.52,5.70,6.15,5.92
8.52,6.00,4.10,5.05
8.52,6.20,5.30,5.75
8.52,6.45,5.50,5.97
8.52,6.70,8.00,7.35
8.52,7.05,5.50,6.27
8.52,7.45,5.20,6.32
8.52,8.10,5.15,6.62
8.53,4.55,5.55,5.05
8.53,5.00,6.50,5.75
8.53,5.30,6.10,5.70
8.53,5.60,7.00,6.30
8.53,5.85,2.85,4.35
8.53,6.05,6.20,6.12
8.53,6.30,5.25,5.77
8.53,6.55,6.80,6.67
8.53,6.80,7.40,7.10
8.53,7.10,6.15,6.62
8.53,7.65,4.50,6.07
8.53,8.50,6.40,7.45
8.54,4.50,4.00,4.25
8.54,5.20,3.60,4.40
8.54,5.50,5.05,5.27
8.54,5.75,5.15,5.45
8.54,6.00,3.55,4.77
8.54,6.25,4.60,5.42
8.54,6.60,6.05,6.32
8.54,7.00,3.50,5.25
8.54,7.30,6.15,6.72
8.54,7.95,5.95,6.95
8.55,3.40,6.00,4.70
8.55,4.65,4.00,4.32
8.55,5.05,5.55,5.30
8.55,5.45,4.00,4.72
8.55,5.70,4.55,5.12
8.55,5.95,4.75,5.35
8.55,6.15,6.10,6.12
8.55,6.45,4.85,5.65
8.55,6.75,5.95,6.35
8.55,7.10,4.05,5.57
8.55,7.45,7.70,7.57
8.55,8.35,6.95,7.65
8.56,4.55,4.90,4.72
8.56,5.05,3.00,4.02
8.56,5.35,5.15,5.25
8.56,5.60,6.10,5.85
8.56,5.90,3.00,4.45
8.56,6.10,4.50,5.30
8.56,6.35,6.50,6.42
8.56,6.65,5.70,6.17
8.56,6.95,4.30,5.62
8.56,7.25,8.05,7.65
8.56,7.80,7.50,7.65
8.57,3.45,5.50,4.47
8.57,4.80,3.70,4.25
8.57,5.20,3.55,4.37
8.57,5.55,4.10,4.82
8.57,5.85,4.75,5.30
8.57,6.10,5.50,5.80
8.57,6.35,5.80,6.07
8.57,6.60,6.25,6.42
8.57,6.95,5.30,6.12
8.57,7.25,4.75,6.00
8.57,7.70,7.15,7.42
8.57,8.75,6.80,7.77
8.58,4.35,7.00,5.67
8.58,5.05,2.50,3.77
8.58,5.30,6.70,6.00
8.58,5.70,4.55,5.12
8.58,6.05,4.20,5.12
8.58,6.30,3.00,4.65
8.58,6.55,6.00,6.27
8.58,6.85,6.70,6.77
8.58,7.20,5.25,6.22
8.58,7.50,5.85,6.67
8.58,8.05,5.50,6.77
8.59,4.30,4.00,4.15
8.59,5.05,5.50,5.27
8.59,5.35,4.00,4.67
8.59,5.60,3.00,4.30
8.59,5.80,5.90,5.85
8.59,6.00,4.35,5.17
8.59,6.20,6.20,6.20
8.59,6.50,5.00,5.75
8.59,6.75,4.60,5.67
8.59,7.00,7.95,7.47
8.59,7.40,3.80,5.60
8.59,7.80,6.45,7.12
8.59,8.85,8.90,8.87
8.60,4.60,3.70,4.15
8.60,5.05,5.35,5.20
8.60,5.50,4.75,5.12
8.60,5.75,3.05,4.40
8.60,5.90,8.15,7.02
8.60,6.20,6.85,6.52
8.60,6.50,4.20,5.35
8.60,6.85,5.95,6.40
8.60,7.20,3.50,5.35
8.60,7.50,5.10,6.30
8.60,8.00,7.95,7.97
8.61,4.30,3.50,3.90
8.61,5.05,6.60,5.82
8.61,5.40,5.25,5.32
8.61,5.65,7.45,6.55
8.61,5.90,6.95,6.42
8.61,6.20,7.60,6.90
8.61,6.45,5.05,5.75
8.61,6.80,4.25,5.52
8.61,7.00,5.25,6.12
8.61,7.25,6.20,6.72
8.61,7.55,7.90,7.72
8.61,8.05,6.65,7.35
8.62,4.00,3.50,3.75
8.62,5.05,7.25,6.15
8.62,5.45,8.25,6.85
8.62,5.85,4.00,4.92
8.62,6.05,5.15,5.60
8.62,6.35,4.70,5.52
8.62,6.60,5.00,5.80
8.62,6.90,4.20,5.55
8.62,7.25,6.00,6.62
8.62,7.75,5.00,6.37
8.62,8.35,3.85,6.10
8.63,4.55,5.00,4.77
8.63,5.00,5.05,5.02
8.63,5.40,3.60,4.50
8.63,5.70,6.15,5.92
8.63,6.00,3.00,4.50
8.63,6.35,3.50,4.92
8.63,6.65,5.50,6.07
8.63,6.95,4.50,5.72
8.63,7.30,5.05,6.17
8.63,7.70,6.95,7.32
8.63,8.70,7.60,8.15
8.64,4.70,6.00,5.35
8.64,5.25,4.60,4.92
8.64,5.50,5.85,5.67
8.64,5.80,5.10,5.45
8.64,5.95,5.50,5.72
8.64,6.20,5.50,5.85
8.64,6.45,4.55,5.50
8.64,6.65,4.70,5.67
8.64,7.00,6.35,6.67
8.64,7.40,5.00,6.20
8.64,7.90,4.35,6.12
8.65,2.45,3.00,2.72
8.65,4.75,5.70,5.22
8.65,5.20,4.50,4.85
8.65,5.45,6.05,5.75
8.65,5.80,5.60,5.70
8.65,6.10,6.55,6.32
8.65,6.50,4.50,5.50
8.65,6.75,6.25,6.50
8.65,7.00,6.05,6.52
8.65,7.45,6.05,6.75
8.65,7.80,5.75,6.77
8.65,8.60,7.45,8.02
8.66,4.70,5.20,4.95
8.66,5.30,2.50,3.90
8.66,5.50,5.00,5.25
8.66,5.85,5.75,5.80
8.66,6.05,5.35,5.70
8.66,6.25,6.00,6.12
8.66,6.50,6.75,6.62
8.66,6.70,8.25,7.47
8.66,7.00,5.80,6.40
8.66,7.30,5.25,6.27
8.66,7.60,7.20,7.40
8.66,7.95,6.95,7.45
8.67,3.60,4.00,3.80
8.67,4.85,4.20,4.52
8.67,5.30,4.90,5.10
8.67,5.60,5.40,5.50
8.67,5.90,5.55,5.72
8.67,6.10,6.25,6.17
8.67,6.35,4.90,5.62
8.67,6.55,6.85,6.70
8.67,6.75,5.80,6.27
8.67,7.05,5.35,6.20
8.67,7.30,6.30,6.80
8.67,7.65,6.10,6.87
8.67,8.25,5.85,7.05
8.68,4.20,5.70,4.95
8.68,5.00,3.50,4.25
8.68,5.45,4.00,4.72
8.68,5.70,5.00,5.35
8.68,6.00,3.50,4.75
8.68,6.25,3.10,4.67
8.68,6.50,5.75,6.12
8.68,6.75,8.85,7.80
8.68,7.15,7.00,7.07
8.68,7.50,5.70,6.60
8.68,7.85,5.85,6.85
8.68,8.45,7.15,7.80
8.69,4.75,5.25,5.00
8.69,5.35,5.40,5.37
8.69,5.70,5.05,5.37
8.69,5.90,5.20,5.55
8.69,6.15,6.00,6.07
8.69,6.40,4.00,5.20
8.69,6.65,5.70,6.17
8.69,6.85,3.80,5.32
8.69,7.10,7.00,7.05
8.69,7.40,6.35,6.87
8.69,7.70,5.55,6.62
8.69,9.25,7.35,8.30
8.70,4.75,6.05,5.40
8.70,5.30,5.70,5.50
8.70,5.65,6.00,5.82
8.70,6.00,4.70,5.35
8.70,6.25,4.10,5.17
8.70,6.50,5.40,5.95
8.70,6.65,6.85,6.75
8.70,6.95,4.50,5.72
8.70,7.20,5.40,6.30
8.70,7.40,7.60,7.50
8.70,7.90,7.65,7.77
8.71,4.20,5.40,4.80
8.71,5.10,5.45,5.27
8.71,5.45,5.70,5.57
8.71,5.80,7.00,6.40
8.71,6.10,3.80,4.95
8.71,6.30,6.10,6.20
8.71,6.50,5.50,6.00
8.71,6.75,7.20,6.97
8.71,7.10,5.40,6.25
8.71,7.30,6.55,6.92
8.71,7.60,5.35,6.47
8.71,8.05,6.15,7.10
8.72,3.90,5.30,4.60
8.72,5.15,7.95,6.55
8.72,5.55,4.20,4.87
8.72,5.80,5.60,5.70
8.72,6.10,5.00,5.55
8.72,6.30,5.90,6.10
8.72,6.50,6.20,6.35
8.72,6.75,3.50,5.12
8.72,7.00,6.85,6.92
8.72,7.30,8.35,7.82
8.72,7.70,3.50,5.60
8.72,8.15,7.20,7.67
8.72,9.10,7.65,8.37
8.73,4.90,4.70,4.80
8.73,5.35,3.85,4.60
8.73,5.60,6.05,5.82
8.73,5.85,6.75,6.30
8.73,6.05,5.70,5.87
8.73,6.30,6.00,6.15
8.73,6.50,5.50,6.00
8.73,6.70,5.35,6.02
8.73,7.00,7.25,7.12
8.73,7.25,7.65,7.45
8.73,7.60,8.25,7.92
8.73,8.00,6.65,7.32
8.73,8.75,8.50,8.62
8.74,4.70,3.50,4.10
8.74,5.30,4.50,4.90
8.74,5.65,6.35,6.00
8.74,5.90,4.50,5.20
8.74,6.20,3.70,4.95
8.74,6.40,6.65,6.52
8.74,6.60,5.25,5.92
8.74,6.80,7.35,7.07
8.74,7.00,5.15,6.07
8.74,7.30,5.40,6.35
8.74,7.60,6.40,7.00
8.74,8.05,7.00,7.52
8.74,8.85,5.80,7.32
8.75,4.95,7.10,6.02
8.75,5.45,4.60,5.02
8.75,5.80,5.00,5.40
8.75,6.05,3.50,4.77
8.75,6.30,4.15,5.22
8.75,6.50,5.80,6.15
8.75,6.80,6.25,6.52
8.75,7.00,5.95,6.47
8.75,7.20,8.15,7.67
8.75,7.55,7.45,7.50
8.75,7.85,6.45,7.15
8.75,8.25,8.05,8.15
8.76,4.40,5.50,4.95
8.76,5.35,3.60,4.47
8.76,5.65,4.15,4.90
8.76,5.90,6.10,6.00
8.76,6.25,5.85,6.05
8.76,6.40,4.40,5.40
8.76,6.60,4.50,5.55
8.76,6.75,7.10,6.92
8.76,6.95,6.20,6.57
8.76,7.30,6.00,6.65
8.76,7.65,8.10,7.87
8.76,8.05,7.50,7.77
8.76,8.85,7.05,7.95
8.77,4.80,4.70,4.75
8.77,5.55,5.65,5.60
8.77,5.95,3.95,4.95
8.77,6.30,3.70,5.00
8.77,6.60,5.45,6.02
8.77,6.90,5.65,6.27
8.77,7.20,6.15,6.67
8.77,7.40,5.60,6.50
8.77,7.70,6.50,7.10
8.77,8.05,7.85,7.95
8.77,9.10,8.65,8.87
8.78,5.10,6.45,5.77
8.78,5.50,4.00,4.75
8.78,5.80,4.55,5.17
8.78,6.00,7.25,6.62
8.78,6.35,5.00,5.67
8.78,6.55,7.45,7.00
8.78,6.75,6.80,6.77
8.78,7.00,5.65,6.32
8.78,7.25,6.75,7.00
8.78,7.55,5.00,6.27
8.78,7.80,6.60,7.20
8.78,8.35,9.00,8.67
8.79,4.60,2.00,3.30
8.79,5.25,3.50,4.37
8.79,5.60,8.20,6.90
8.79,5.90,4.70,5.30
8.79,6.15,4.75,5.45
8.79,6.40,5.00,5.70
8.79,6.60,4.55,5.57
8.79,6.75,6.05,6.40
8.79,6.95,5.40,6.17
8.79,7.20,5.90,6.55
8.79,7.55,6.85,7.20
8.79,7.85,7.00,7.42
8.79,8.40,9.05,8.72
8.80,4.30,3.50,3.90
8.80,5.10,5.20,5.15
8.80,5.60,2.55,4.07
8.80,5.85,7.45,6.65
8.80,6.15,5.85,6.00
8.80,6.40,5.35,5.87
8.80,6.65,3.90,5.27
8.80,6.95,4.30,5.62
8.80,7.20,7.20,7.20
8.80,7.50,4.60,6.05
8.80,7.85,7.40,7.62
8.80,8.40,8.45,8.42
8.81,4.25,4.70,4.47
8.81,5.50,4.50,5.00
8.81,5.85,4.25,5.05
8.81,6.15,4.05,5.10
8.81,6.45,7.45,6.95
8.81,6.70,5.55,6.12
8.81,6.85,8.30,7.57
8.81,7.10,5.70,6.40
8.81,7.30,6.55,6.92
8.81,7.55,5.75,6.65
8.81,8.00,7.10,7.55
8.81,8.55,7.65,8.10
8.82,4.80,6.05,5.42
8.82,5.35,7.05,6.20
8.82,5.75,3.50,4.62
8.82,6.05,5.20,5.62
8.82,6.25,7.15,6.70
8.82,6.45,6.20,6.32
8.82,6.65,7.05,6.85
8.82,6.90,4.90,5.90
8.82,7.10,4.40,5.75
8.82,7.40,4.25,5.82
8.82,7.60,5.55,6.57
8.82,7.95,7.30,7.62
8.82,8.40,9.20,8.80
8.83,3.80,3.50,3.65
8.83,5.40,5.20,5.30
8.83,5.75,7.10,6.42
8.83,6.05,4.65,5.35
8.83,6.30,4.90,5.60
8.83,6.45,7.30,6.87
8.83,6.70,4.40,5.55
8.83,6.95,4.55,5.75
8.83,7.20,5.80,6.50
8.83,7.40,6.70,7.05
8.83,7.65,6.15,6.90
8.83,7.90,7.20,7.55
8.83,8.25,6.90,7.57
8.83,8.80,7.65,8.22
8.84,5.00,4.00,4.50
8.84,5.50,7.60,6.55
8.84,5.90,7.20,6.55
8.84,6.15,3.50,4.82
8.84,6.30,6.60,6.45
8.84,6.50,4.70,5.60
8.84,6.70,5.85,6.27
8.84,6.95,5.30,6.12
8.84,7.20,5.50,6.35
8.84,7.40,4.90,6.15
8.84,7.65,4.90,6.27
8.84,7.90,7.35,7.62
8.84,8.40,5.20,6.80
8.85,4.05,2.00,3.02
8.85,5.10,6.00,5.55
8.85,5.50,5.20,5.35
8.85,5.80,4.05,4.92
8.85,6.05,5.20,5.62
8.85,6.30,3.25,4.77
8.85,6.50,6.00,6.25
8.85,6.70,5.80,6.25
8.85,6.95,8.50,7.72
8.85,7.10,8.20,7.65
8.85,7.30,8.50,7.90
8.85,7.55,6.35,6.95
8.85,7.75,7.95,7.85
8.85,8.10,4.65,6.37
8.85,8.60,8.25,8.42
8.86,4.70,5.60,5.15
8.86,5.30,6.00,5.65
8.86,5.80,3.35,4.57
8.86,6.10,4.55,5.32
8.86,6.35,3.65,5.00
8.86,6.65,3.95,5.30
8.86,6.80,6.05,6.42
8.86,6.95,7.75,7.35
8.86,7.15,6.05,6.60
8.86,7.45,5.20,6.32
8.86,7.70,7.65,7.67
8.86,8.00,9.10,8.55
8.86,8.65,6.60,7.62
8.87,4.80,5.20,5.00
8.87,5.50,5.35,5.42
8.87,5.95,4.55,5.25
8.87,6.15,8.45,7.30
8.87,6.35,7.25,6.80
8.87,6.60,5.40,6.00
8.87,6.75,6.95,6.85
8.87,7.00,5.05,6.02
8.87,7.20,4.35,5.77
8.87,7.40,7.20,7.30
8.87,7.65,5.35,6.50
8.87,7.85,5.85,6.85
8.87,8.15,7.65,7.90
8.87,9.00,8.45,8.72
8.88,5.00,5.20,5.10
8.88,5.45,3.75,4.60
8.88,5.85,7.60,6.72
8.88,6.15,6.25,6.20
8.88,6.55,3.50,5.02
8.88,6.75,4.20,5.47
8.88,6.95,5.05,6.00
8.88,7.15,5.00,6.07
8.88,7.40,4.45,5.92
8.88,7.65,7.50,7.57
8.88,8.05,7.40,7.72
8.88,8.40,8.40,8.40
8.89,4.00,3.00,3.50
8.89,5.15,4.15,4.65
8.89,5.55,7.60,6.57
8.89,5.90,6.35,6.12
8.89,6.20,4.25,5.22
8.89,6.40,6.85,6.62
8.89,6.60,5.80,6.20
8.89,6.80,7.90,7.35
8.89,7.10,4.70,5.90
8.89,7.30,5.80,6.55
8.89,7.55,5.75,6.65
8.89,7.75,6.55,7.15
8.89,8.10,4.65,6.37
8.89,8.45,7.85,8.15
8.90,3.45,5.00,4.22
8.90,5.05,5.00,5.02
8.90,5.50,7.45,6.47
8.90,5.85,5.30,5.57
8.90,6.15,6.85,6.50
8.90,6.45,5.55,6.00
8.90,6.65,7.00,6.82
8.90,6.90,6.65,6.77
8.90,7.15,7.05,7.10
8.90,7.40,7.80,7.60
8.90,7.65,4.90,6.27
8.90,7.85,7.40,7.62
8.90,8.15,7.65,7.90
8.90,8.55,5.75,7.15
8.91,5.05,4.20,4.62
8.91,5.55,5.70,5.62
8.91,5.85,5.90,5.87
8.91,6.15,6.70,6.42
8.91,6.35,5.90,6.12
8.91,6.55,6.00,6.27
8.91,6.70,8.00,7.35
8.91,6.95,6.00,6.47
8.91,7.20,6.25,6.72
8.91,7.35,5.20,6.27
8.91,7.55,5.65,6.60
8.91,7.75,7.25,7.50
8.91,8.05,7.85,7.95
8.91,8.50,5.55,7.02
8.92,4.60,4.00,4.30
8.92,5.40,5.15,5.27
8.92,5.80,4.90,5.35
8.92,6.05,6.05,6.05
8.92,6.35,6.25,6.30
8.92,6.70,6.00,6.35
8.92,6.90,5.95,6.42
8.92,7.10,5.15,6.12
8.92,7.25,7.45,7.35
8.92,7.40,7.95,7.67
8.92,7.65,5.05,6.35
8.92,7.85,7.40,7.62
8.92,8.20,8.40,8.30
8.92,8.80,6.70,7.75
8.93,5.10,3.65,4.37
8.93,5.50,5.40,5.45
8.93,5.85,5.70,5.77
8.93,6.20,7.50,6.85
8.93,6.45,6.45,6.45
8.93,6.60,6.30,6.45
8.93,6.80,6.70,6.75
8.93,6.95,7.40,7.17
8.93,7.20,6.90,7.05
8.93,7.35,7.35,7.35
8.93,7.55,7.85,7.70
8.93,7.75,6.90,7.32
8.93,7.95,8.00,7.97
8.93,8.35,7.65,8.00
8.94,3.75,5.00,4.37
8.94,5.20,5.50,5.35
8.94,5.60,3.00,4.30
8.94,6.00,5.00,5.50
8.94,6.20,5.95,6.07
8.94,6.40,5.45,5.92
8.94,6.60,6.30,6.45
8.94,6.80,6.40,6.60
8.94,7.00,5.05,6.02
8.94,7.20,5.85,6.52
8.94,7.45,4.95,6.20
8.94,7.60,8.60,8.10
8.94,7.90,6.70,7.30
8.94,8.10,5.20,6.65
8.94,8.45,7.50,7.97
8.95,4.55,6.20,5.37
8.95,5.45,6.80,6.12
8.95,5.85,6.35,6.10
8.95,6.20,7.35,6.77
8.95,6.45,5.80,6.12
8.95,6.65,7.60,7.12
8.95,6.85,6.30,6.57
8.95,7.00,7.65,7.32
8.95,7.20,7.10,7.15
8.95,7.40,6.45,6.92
8.95,7.60,6.05,6.82
8.95,7.80,4.00,5.90
8.95,8.05,6.45,7.25
8.95,8.40,6.00,7.20
8.95,8.90,8.55,8.72
8.96,5.15,7.10,6.12
8.96,5.70,6.10,5.90
8.96,6.00,5.15,5.57
8.96,6.25,5.65,5.95
8.96,6.40,6.70,6.55
8.96,6.60,6.00,6.30
8.96,6.85,4.25,5.55
8.96,7.05,6.15,6.60
8.96,7.20,4.80,6.00
8.96,7.35,7.55,7.45
8.96,7.55,8.00,7.77
8.96,7.85,6.20,7.02
8.96,8.05,5.35,6.70
8.96,8.40,5.25,6.82
8.96,9.10,7.65,8.37
8.97,5.15,4.10,4.62
8.97,5.60,5.50,5.55
8.97,5.95,6.75,6.35
8.97,6.30,6.10,6.20
8.97,6.55,4.90,5.72
8.97,6.70,6.75,6.72
8.97,6.90,5.95,6.42
8.97,7.10,5.95,6.52
8.97,7.30,6.60,6.95
8.97,7.55,8.15,7.85
8.97,7.80,4.50,6.15
8.97,8.00,6.05,7.02
8.97,8.20,7.95,8.07
8.97,8.50,6.85,7.67
8.98,4.20,5.50,4.85
8.98,5.40,5.00,5.20
8.98,5.80,8.00,6.90
8.98,6.10,6.45,6.27
8.98,6.35,5.30,5.82
8.98,6.60,4.30,5.45
8.98,6.75,8.25,7.50
8.98,6.95,5.30,6.12
8.98,7.10,7.75,7.42
8.98,7.30,6.90,7.10
8.98,7.50,5.30,6.40
8.98,7.70,7.50,7.60
8.98,7.95,7.55,7.75
8.98,8.20,8.35,8.27
8.98,8.75,7.45,8.10
8.99,4.90,4.65,4.77
8.99,5.70,5.70,5.70
8.99,6.00,5.80,5.90
8.99,6.25,2.50,4.37
8.99,6.40,6.95,6.67
8.99,6.65,5.60,6.12
8.99,6.85,4.10,5.47
8.99,7.10,4.50,5.80
8.99,7.30,4.05,5.67
8.99,7.50,6.45,6.97
8.99,7.70,6.85,7.27
8.99,7.90,7.45,7.67
8.99,8.15,5.50,6.82
8.99,8.55,5.35,6.95
8.99,9.45,8.95,9.20
9.00,5.05,7.00,6.02
9.00,5.65,5.95,5.80
9.00,6.05,5.20,5.62
9.00,6.30,4.85,5.57
9.00,6.45,5.35,5.90
9.00,6.60,7.20,6.90
9.00,6.75,5.20,5.97
9.00,6.90,7.10,7.00
9.00,7.10,6.40,6.75
9.00,7.30,7.15,7.22
9.00,7.50,6.30,6.90
9.00,7.70,8.45,8.07
9.00,7.90,8.00,7.95
9.00,8.25,6.15,7.20
9.00,8.60,6.05,7.32
9.01,4.65,7.40,6.02
9.01,5.55,4.20,4.87
9.01,5.95,6.55,6.25
9.01,6.20,4.90,5.55
9.01,6.40,7.20,6.80
9.01,6.65,5.40,6.02
9.01,6.85,5.20,6.02
9.01,7.05,6.85,6.95
9.01,7.35,6.15,6.75
9.01,7.55,4.00,5.77
9.01,7.75,8.95,8.35
9.01,8.00,8.85,8.42
9.01,8.25,8.50,8.37
9.01,8.75,6.75,7.75
9.02,4.85,4.45,4.65
9.02,5.70,3.20,4.45
9.02,6.05,6.25,6.15
9.02,6.30,5.50,5.90
9.02,6.55,6.10,6.32
9.02,6.85,5.10,5.97
9.02,7.10,8.50,7.80
9.02,7.35,6.40,6.87
9.02,7.55,6.20,6.87
9.02,7.80,6.85,7.32
9.02,8.05,7.60,7.82
9.02,8.40,6.05,7.22
9.02,8.80,6.90,7.85
9.03,4.65,4.80,4.72
9.03,5.60,6.35,5.97
9.03,6.00,4.40,5.20
9.03,6.30,5.90,6.10
9.03,6.55,6.45,6.50
9.03,6.75,5.25,6.00
9.03,6.95,8.10,7.52
9.03,7.15,5.10,6.12
9.03,7.30,6.80,7.05
9.03,7.45,8.80,8.12
9.03,7.65,6.60,7.12
9.03,7.75,9.15,8.45
9.03,8.05,6.05,7.05
9.03,8.30,6.05,7.17
9.03,8.50,8.80,8.65
9.04,3.35,3.50,3.42
9.04,5.30,6.85,6.07
9.04,5.85,6.55,6.20
9.04,6.10,7.20,6.65
9.04,6.45,5.50,5.97
9.04,6.70,7.05,6.87
9.04,6.95,7.60,7.27
9.04,7.15,8.30,7.72
9.04,7.30,7.90,7.60
9.04,7.55,7.40,7.47
9.04,7.80,6.90,7.35
9.04,8.05,6.75,7.40
9.04,8.30,8.45,8.37
9.04,8.80,7.00,7.90
9.05,4.65,4.00,4.32
9.05,5.65,4.00,4.82
9.05,5.95,5.35,5.65
9.05,6.25,8.05,7.15
9.05,6.45,7.30,6.87
9.05,6.70,6.20,6.45
9.05,6.90,6.40,6.65
9.05,7.10,7.55,7.32
9.05,7.30,7.10,7.20
9.05,7.50,4.20,5.85
9.05,7.60,7.30,7.45
9.05,7.75,6.55,7.15
9.05,7.95,7.35,7.65
9.05,8.30,4.70,6.50
9.05,8.60,7.75,8.17
9.05,9.30,8.40,8.85
9.06,5.40,5.50,5.45
9.06,5.85,5.70,5.77
9.06,6.15,4.50,5.32
9.06,6.40,6.45,6.42
9.06,6.70,4.30,5.50
9.06,6.90,7.05,6.97
9.06,7.10,8.15,7.62
9.06,7.25,5.75,6.50
9.06,7.35,7.30,7.32
9.06,7.50,6.65,7.07
9.06,7.70,7.90,7.80
9.06,7.90,6.40,7.15
9.06,8.15,6.10,7.12
9.06,8.45,6.75,7.60
9.06,8.80,9.15,8.97
9.06,9.45,8.55,9.00
9.07,5.35,3.50,4.42
9.07,5.95,5.90,5.92
9.07,6.20,5.65,5.92
9.07,6.45,3.40,4.92
9.07,6.65,4.30,5.47
9.07,6.80,5.00,5.90
9.07,6.95,5.50,6.22
9.07,7.15,7.05,7.10
9.07,7.30,6.90,7.10
9.07,7.45,7.80,7.62
9.07,7.65,6.80,7.22
9.07,7.90,5.95,6.92
9.07,8.05,5.75,6.90
9.07,8.35,5.95,7.15
9.07,8.65,4.40,6.52
9.07,9.15,8.10,8.62
9.08,5.05,6.05,5.55
9.08,5.65,6.50,6.07
9.08,6.15,5.50,5.82
9.08,6.40,6.05,6.22
9.08,6.65,6.75,6.70
9.08,6.85,5.70,6.27
9.08,7.00,7.30,7.15
9.08,7.20,7.55,7.37
9.08,7.40,8.00,7.70
9.08,7.55,7.20,7.37
9.08,7.75,8.65,8.20
9.08,7.95,7.35,7.65
9.08,8.20,7.55,7.87
9.08,8.45,8.70,8.57
9.08,8.90,8.05,8.47
9.09,4.60,7.00,5.80
9.09,5.55,3.55,4.55
9.09,6.10,4.70,5.40
9.09,6.35,7.60,6.97
9.09,6.65,6.70,6.67
9.09,6.90,6.30,6.60
9.09,7.10,6.75,6.92
9.09,7.30,7.50,7.40
9.09,7.50,7.05,7.27
9.09,7.65,7.75,7.70
9.09,7.80,8.40,8.10
9.09,8.10,6.70,7.40
9.09,8.30,8.80,8.55
9.09,8.60,8.30,8.45
9.09,9.25,8.25,8.75
9.10,5.40,4.00,4.70
9.10,5.85,5.05,5.45
9.10,6.20,5.75,5.97
9.10,6.40,8.80,7.60
9.10,6.60,6.95,6.77
9.10,6.90,5.30,6.10
9.10,7.00,9.00,8.00
9.10,7.20,4.65,5.92
9.10,7.30,6.15,6.72
9.10,7.50,6.05,6.77
9.10,7.65,8.70,8.17
9.10,7.85,6.70,7.27
9.10,8.00,7.05,7.52
9.10,8.20,6.30,7.25
9.10,8.50,5.55,7.02
9.10,9.10,9.05,9.07
9.11,5.20,6.75,5.97
9.11,5.80,4.20,5.00
9.11,6.15,7.20,6.67
9.11,6.55,4.70,5.62
9.11,6.75,5.55,6.15
9.11,6.95,6.60,6.77
9.11,7.15,7.15,7.15
9.11,7.35,5.40,6.37
9.11,7.50,6.15,6.82
9.11,7.70,7.00,7.35
9.11,7.95,6.95,7.45
9.11,8.15,8.40,8.27
9.11,8.35,6.90,7.62
9.11,8.55,8.80,8.67
9.11,8.95,8.20,8.57
9.12,4.80,4.00,4.40
9.12,5.55,6.50,6.02
9.12,6.05,4.10,5.07
9.12,6.30,5.15,5.72
9.12,6.50,6.70,6.60
9.12,6.70,5.50,6.10
9.12,6.90,4.70,5.80
9.12,7.05,4.70,5.87
9.12,7.25,7.95,7.60
9.12,7.40,8.35,7.87
9.12,7.55,9.20,8.37
9.12,7.75,8.60,8.17
9.12,7.95,8.45,8.20
9.12,8.15,7.25,7.70
9.12,8.35,7.50,7.92
9.12,8.75,6.55,7.65
9.12,9.50,8.50,9.00
9.13,5.60,4.00,4.80
9.13,6.00,7.00,6.50
9.13,6.35,5.80,6.07
9.13,6.65,7.90,7.27
9.13,6.85,7.05,6.95
9.13,7.05,6.30,6.67
9.13,7.20,6.20,6.70
9.13,7.30,7.95,7.62
9.13,7.50,5.05,6.27
9.13,7.65,5.55,6.60
9.13,7.80,7.70,7.75
9.13,7.90,8.85,8.37
9.13,8.15,8.35,8.25
9.13,8.40,9.10,8.75
9.13,8.75,8.15,8.45
9.13,9.15,7.20,8.17
9.14,5.35,4.50,4.92
9.14,5.90,5.50,5.70
9.14,6.30,5.90,6.10
9.14,6.60,5.70,6.15
9.14,6.75,8.80,7.77
9.14,6.95,7.25,7.10
9.14,7.15,6.90,7.02
9.14,7.35,5.50,6.42
9.14,7.50,6.25,6.87
9.14,7.65,6.65,7.15
9.14,7.80,5.45,6.62
9.14,7.95,7.10,7.52
9.14,8.15,6.00,7.07
9.14,8.40,6.80,7.60
9.14,8.75,4.90,6.82
9.14,9.00,8.85,8.92
9.15,4.95,4.00,4.47
9.15,5.75,4.55,5.15
9.15,6.10,4.65,5.37
9.15,6.35,4.40,5.37
9.15,6.55,4.55,5.55
9.15,6.75,5.65,6.20
9.15,6.95,5.75,6.35
9.15,7.15,5.80,6.47
9.15,7.30,5.25,6.27
9.15,7.45,5.90,6.67
9.15,7.65,3.75,5.70
9.15,7.85,6.60,7.22
9.15,8.05,6.95,7.50
9.15,8.25,7.50,7.87
9.15,8.45,5.80,7.12
9.15,8.70,5.35,7.02
9.15,9.25,7.50,8.37
9.16,5.40,4.75,5.07
9.16,6.05,4.10,5.07
9.16,6.45,5.85,6.15
9.16,6.70,5.50,6.10
9.16,6.90,7.45,7.17
9.16,7.15,4.15,5.65
9.16,7.30,6.95,7.12
9.16,7.50,6.55,7.02
9.16,7.65,4.55,6.10
9.16,7.80,6.90,7.35
9.16,8.00,5.60,6.80
9.16,8.15,7.65,7.90
9.16,8.35,7.70,8.02
9.16,8.60,8.40,8.50
9.16,9.00,8.00,8.50
9.17,5.00,8.20,6.60
9.17,5.80,7.70,6.75
9.17,6.10,7.30,6.70
9.17,6.40,6.15,6.27
9.17,6.70,4.35,5.52
9.17,6.95,5.75,6.35
9.17,7.15,4.20,5.67
9.17,7.35,7.80,7.57
9.17,7.50,6.45,6.97
9.17,7.70,7.15,7.42
9.17,7.90,6.00,6.95
9.17,8.05,7.20,7.62
9.17,8.25,7.80,8.02
9.17,8.45,7.75,8.10
9.17,8.85,7.50,8.17
9.18,4.40,5.80,5.10
9.18,5.70,5.15,5.42
9.18,6.15,4.20,5.17
9.18,6.45,4.70,5.57
9.18,6.70,4.90,5.80
9.18,6.90,5.00,5.95
9.18,7.10,4.70,5.90
9.18,7.25,6.25,6.75
9.18,7.40,4.55,5.97
9.18,7.55,5.30,6.42
9.18,7.70,4.25,5.97
9.18,7.85,5.25,6.55
9.18,8.00,6.75,7.37
9.18,8.10,8.15,8.12
9.18,8.30,6.95,7.62
9.18,8.50,8.30,8.40
9.18,8.75,8.20,8.47
9.18,9.30,8.35,8.82
9.19,5.40,6.30,5.85
9.19,6.00,4.70,5.35
9.19,6.50,4.30,5.40
9.19,6.70,8.35,7.52
9.19,6.90,6.05,6.47
9.19,7.10,6.75,6.92
9.19,7.20,8.25,7.72
9.19,7.45,5.40,6.42
9.19,7.55,8.65,8.10
9.19,7.75,8.15,7.95
9.19,7.95,8.30,8.12
9.19,8.10,7.85,7.97
9.19,8.25,8.35,8.30
9.19,8.50,8.05,8.27
9.19,8.80,8.35,8.57
9.19,9.45,8.30,8.87
9.20,5.70,6.50,6.10
9.20,6.10,5.95,6.02
9.20,6.45,5.70,6.07
9.20,6.75,7.30,7.02
9.20,7.00,7.25,7.12
9.20,7.15,5.55,6.35
9.20,7.30,7.30,7.30
9.20,7.45,7.40,7.42
9.20,7.65,4.60,6.12
9.20,7.80,6.75,7.27
9.20,7.95,8.00,7.97
9.20,8.10,7.75,7.92
9.20,8.30,6.20,7.25
9.20,8.50,7.60,8.05
9.20,8.70,7.60,8.15
9.20,9.00,6.75,7.87
9.21,4.95,5.25,5.10
9.21,5.75,5.35,5.55
9.21,6.20,3.60,4.90
9.21,6.45,7.05,6.75
9.21,6.75,4.65,5.70
9.21,6.95,7.30,7.12
9.21,7.10,5.15,6.12
9.21,7.25,7.85,7.55
9.21,7.40,5.95,6.67
9.21,7.55,7.45,7.50
9.21,7.70,8.40,8.05
9.21,7.90,5.80,6.85
9.21,8.00,8.20,8.10
9.21,8.15,8.30,8.22
9.21,8.30,8.10,8.20
9.21,8.55,6.35,7.45
9.21,8.75,8.65,8.70
9.21,9.15,8.30,8.72
9.22,5.25,3.50,4.37
9.22,6.00,5.10,5.55
9.22,6.40,6.80,6.60
9.22,6.70,4.00,5.35
9.22,6.85,8.25,7.55
9.22,7.05,7.35,7.20
9.22,7.25,5.50,6.37
9.22,7.45,5.10,6.27
9.22,7.60,6.65,7.12
9.22,7.70,8.90,8.30
9.22,7.90,5.65,6.77
9.22,8.05,7.50,7.77
9.22,8.20,7.00,7.60
9.22,8.30,7.55,7.92
9.22,8.45,7.95,8.20
9.22,8.65,9.05,8.85
9.22,9.00,6.00,7.50
9.22,9.65,8.95,9.30
9.23,5.70,6.10,5.90
9.23,6.15,6.65,6.40
9.23,6.60,6.45,6.52
9.23,6.85,3.60,5.22
9.23,7.05,5.00,6.02
9.23,7.20,6.70,6.95
9.23,7.40,8.00,7.70
9.23,7.60,7.60,7.60
9.23,7.80,8.40,8.10
9.23,8.00,6.10,7.05
9.23,8.15,7.80,7.97
9.23,8.35,5.90,7.12
9.23,8.50,7.50,8.00
9.23,8.75,8.85,8.80
9.23,9.35,6.40,7.87
9.24,5.65,5.00,5.32
9.24,6.35,4.75,5.55
9.24,6.60,6.55,6.57
9.24,6.80,7.15,6.97
9.24,7.05,4.90,5.97
9.24,7.20,5.65,6.42
9.24,7.30,5.35,6.32
9.24,7.45,7.80,7.62
9.24,7.60,7.35,7.47
9.24,7.75,7.05,7.40
9.24,7.95,7.10,7.52
9.24,8.10,8.10,8.10
9.24,8.25,8.05,8.15
9.24,8.45,7.75,8.10
9.24,8.65,8.70,8.67
9.24,8.95,6.90,7.92
9.25,4.95,4.95,4.95
9.25,5.85,5.00,5.42
9.25,6.20,5.60,5.90
9.25,6.60,5.90,6.25
9.25,6.80,4.65,5.72
9.25,7.00,6.15,6.57
9.25,7.10,7.15,7.12
9.25,7.30,5.55,6.42
9.25,7.45,5.70,6.57
9.25,7.60,6.80,7.20
9.25,7.75,5.00,6.37
9.25,7.85,8.15,8.00
9.25,8.05,8.85,8.45
9.25,8.25,9.10,8.67
9.25,8.45,7.95,8.20
9.25,8.80,7.25,8.02
9.25,9.35,9.35,9.35
9.26,5.75,4.30,5.02
9.26,6.10,6.55,6.32
9.26,6.50,3.10,4.80
9.26,6.70,4.30,5.50
9.26,6.95,4.15,5.55
9.26,7.10,4.30,5.70
9.26,7.25,8.35,7.80
9.26,7.40,4.80,6.10
9.26,7.55,7.30,7.42
9.26,7.75,5.20,6.47
9.26,7.85,9.20,8.52
9.26,8.05,6.75,7.40
9.26,8.20,7.10,7.65
9.26,8.35,6.20,7.27
9.26,8.50,7.90,8.20
9.26,8.75,4.80,6.77
9.26,9.00,7.70,8.35
9.26,9.60,9.05,9.32
9.27,5.75,6.65,6.20
9.27,6.20,6.95,6.57
9.27,6.50,6.10,6.30
9.27,6.80,7.85,7.32
9.27,7.00,7.30,7.15
9.27,7.20,7.55,7.37
9.27,7.35,8.60,7.97
9.27,7.50,7.95,7.72
9.27,7.65,7.55,7.60
9.27,7.85,6.95,7.40
9.27,8.00,8.35,8.17
9.27,8.20,8.15,8.17
9.27,8.35,8.45,8.40
9.27,8.50,8.15,8.32
9.27,8.70,8.45,8.57
9.27,8.95,7.50,8.22
9.27,9.30,8.80,9.05
9.28,5.70,5.00,5.35
9.28,6.15,4.10,5.12
9.28,6.45,5.80,6.12
9.28,6.75,6.70,6.72
9.28,7.00,6.25,6.62
9.28,7.15,5.80,6.47
9.28,7.30,7.80,7.55
9.28,7.45,7.65,7.55
9.28,7.60,8.15,7.87
9.28,7.80,6.55,7.17
9.28,7.95,7.25,7.60
9.28,8.15,4.80,6.47
9.28,8.25,8.95,8.60
9.28,8.45,7.95,8.20
9.28,8.60,7.70,8.15
9.28,8.80,8.40,8.60
9.28,9.00,7.95,8.47
9.28,9.75,9.10,9.42
9.29,5.80,4.85,5.32
9.29,6.40,5.00,5.70
9.29,6.70,8.45,7.57
9.29,6.95,4.00,5.47
9.29,7.15,6.60,6.87
9.29,7.30,6.35,6.82
9.29,7.45,8.85,8.15
9.29,7.55,6.95,7.25
9.29,7.75,5.55,6.65
9.29,7.85,7.45,7.65
9.29,8.00,6.80,7.40
9.29,8.10,7.00,7.55
9.29,8.25,2.50,5.37
9.29,8.35,6.65,7.50
9.29,8.50,8.60,8.55
9.29,8.70,5.00,6.85
9.29,8.90,7.40,8.15
9.29,9.30,9.35,9.32
9.30,5.55,4.00,4.77
9.30,6.20,5.70,5.95
9.30,6.55,7.20,6.87
9.30,6.80,7.30,7.05
9.30,7.05,8.75,7.90
9.30,7.25,7.80,7.52
9.30,7.45,6.35,6.90
9.30,7.60,7.85,7.72
9.30,7.80,6.65,7.22
9.30,7.90,6.65,7.27
9.30,8.00,7.90,7.95
9.30,8.15,6.30,7.22
9.30,8.25,6.45,7.35
9.30,8.45,6.95,7.70
9.30,8.65,6.00,7.32
9.30,8.85,9.30,9.07
9.30,9.25,7.65,8.45
9.31,4.95,7.60,6.27
9.31,6.05,4.95,5.50
9.31,6.35,5.50,5.92
9.31,6.65,4.80,5.72
9.31,6.80,6.10,6.45
9.31,7.05,7.00,7.02
9.31,7.25,6.50,6.87
9.31,7.45,7.95,7.70
9.31,7.55,8.35,7.95
9.31,7.70,7.35,7.52
9.31,7.85,7.90,7.87
9.31,8.00,8.05,8.02
9.31,8.15,8.45,8.30
9.31,8.30,8.05,8.17
9.31,8.50,6.25,7.37
9.31,8.65,8.90,8.77
9.31,8.95,7.45,8.20
9.31,9.25,7.70,8.47
9.32,5.55,5.00,5.27
9.32,6.00,5.95,5.97
9.32,6.35,4.60,5.47
9.32,6.60,7.05,6.82
9.32,6.80,7.00,6.90
9.32,7.05,7.65,7.35
9.32,7.30,5.65,6.47
9.32,7.40,8.60,8.00
9.32,7.55,8.75,8.15
9.32,7.70,8.25,7.97
9.32,7.85,8.50,8.17
9.32,8.05,5.20,6.62
9.32,8.15,7.95,8.05
9.32,8.30,6.25,7.27
9.32,8.40,8.80,8.60
9.32,8.55,9.10,8.82
9.32,8.80,7.85,8.32
9.32,9.15,8.80,8.97
9.33,5.35,5.65,5.50
9.33,6.20,6.55,6.37
9.33,6.55,5.60,6.07
9.33,6.80,6.20,6.50
9.33,7.10,5.75,6.42
9.33,7.25,8.40,7.82
9.33,7.35,7.95,7.65
9.33,7.55,3.20,5.37
9.33,7.65,8.95,8.30
9.33,7.85,4.70,6.27
9.33,7.95,7.95,7.95
9.33,8.10,9.25,8.67
9.33,8.25,6.35,7.30
9.33,8.40,8.85,8.62
9.33,8.60,7.95,8.27
9.33,8.75,8.05,8.40
9.33,8.95,8.15,8.55
9.33,9.20,7.80,8.50
9.34,5.05,5.20,5.12
9.34,6.15,5.40,5.77
9.34,6.55,6.45,6.50
9.34,6.80,7.15,6.97
9.34,7.00,8.60,7.80
9.34,7.20,7.00,7.10
9.34,7.35,6.85,7.10
9.34,7.50,6.60,7.05
9.34,7.65,7.00,7.32
9.34,7.80,7.15,7.47
9.34,7.95,6.55,7.25
9.34,8.05,6.85,7.45
9.34,8.25,6.00,7.12
9.34,8.35,8.40,8.37
9.34,8.55,8.40,8.47
9.34,8.70,6.75,7.72
9.34,8.85,8.85,8.85
9.34,9.10,6.30,7.70
9.34,9.60,9.80,9.70
9.35,5.80,4.20,5.00
9.35,6.25,5.35,5.80
9.35,6.60,8.20,7.40
9.35,6.90,6.45,6.67
9.35,7.10,7.00,7.05
9.35,7.35,4.85,6.10
9.35,7.50,6.95,7.22
9.35,7.65,7.55,7.60
9.35,7.80,8.25,8.02
9.35,7.95,8.25,8.10
9.35,8.10,7.70,7.90
9.35,8.25,7.45,7.85
9.35,8.35,7.55,7.95
9.35,8.55,6.05,7.30
9.35,8.70,6.85,7.77
9.35,8.90,7.30,8.10
9.35,9.15,7.55,8.35
9.35,9.70,7.65,8.67
9.36,5.85,5.55,5.70
9.36,6.35,6.40,6.37
9.36,6.65,7.25,6.95
9.36,6.85,7.00,6.92
9.36,7.00,9.20,8.10
9.36,7.20,8.55,7.87
9.36,7.35,7.90,7.62
9.36,7.50,7.25,7.37
9.36,7.65,8.10,7.87
9.36,7.80,6.20,7.00
9.36,7.95,8.00,7.97
9.36,8.15,6.65,7.40
9.36,8.30,7.40,7.85
9.36,8.50,9.15,8.82
9.36,8.70,8.35,8.52
9.36,8.90,7.55,8.22
9.36,9.10,8.75,8.92
9.36,9.55,8.50,9.02
9.37,5.95,5.45,5.70
9.37,6.50,7.40,6.95
9.37,6.85,5.00,5.92
9.37,7.05,6.90,6.97
9.37,7.25,6.20,6.72
9.37,7.40,7.15,7.27
9.37,7.60,4.85,6.22
9.37,7.70,9.20,8.45
9.37,7.85,7.45,7.65
9.37,8.00,6.55,7.27
9.37,8.10,8.70,8.40
9.37,8.25,6.15,7.20
9.37,8.40,8.20,8.30
9.37,8.55,7.75,8.15
9.37,8.70,7.20,7.95
9.37,8.90,9.10,9.00
9.37,9.20,8.60,8.90
9.38,4.75,4.00,4.37
9.38,6.10,5.25,5.67
9.38,6.55,6.60,6.57
9.38,6.90,6.10,6.50
9.38,7.10,7.50,7.30
9.38,7.30,6.00,6.65
9.38,7.45,6.60,7.02
9.38,7.60,5.95,6.77
9.38,7.75,7.80,7.77
9.38,7.90,6.75,7.32
9.38,8.00,8.40,8.20
9.38,8.10,8.75,8.42
9.38,8.30,6.05,7.17
9.38,8.50,7.70,8.10
9.38,8.65,8.25,8.45
9.38,8.85,7.45,8.15
9.38,9.10,7.90,8.50
9.38,9.45,9.10,9.27
9.39,5.95,4.90,5.42
9.39,6.45,5.45,5.95
9.39,6.75,5.00,5.87
9.39,7.05,4.80,5.92
9.39,7.25,6.10,6.67
9.39,7.40,7.70,7.55
9.39,7.60,7.15,7.37
9.39,7.70,8.10,7.90
9.39,7.85,7.45,7.65
9.39,8.00,8.30,8.15
9.39,8.15,7.45,7.80
9.39,8.35,8.05,8.20
9.39,8.45,8.20,8.32
9.39,8.65,8.10,8.37
9.39,8.80,8.25,8.52
9.39,9.00,7.80,8.40
9.39,9.15,8.35,8.75
9.39,9.70,8.55,9.12
9.40,6.00,6.05,6.02
9.40,6.50,4.50,5.50
9.40,6.75,7.10,6.92
9.40,7.05,7.45,7.25
9.40,7.25,7.65,7.45
9.40,7.45,7.10,7.27
9.40,7.55,8.00,7.77
9.40,7.70,7.50,7.60
9.40,7.85,8.40,8.12
9.40,8.00,7.70,7.85
9.40,8.10,7.35,7.72
9.40,8.25,6.70,7.47
9.40,8.35,6.70,7.52
9.40,8.50,6.65,7.57
9.40,8.60,8.25,8.42
9.40,8.75,8.50,8.62
9.40,8.90,9.15,9.02
9.40,9.10,7.15,8.12
9.40,9.55,9.25,9.40
9.41,6.10,5.40,5.75
9.41,6.50,8.20,7.35
9.41,6.80,8.50,7.65
9.41,7.05,7.90,7.47
9.41,7.25,7.20,7.22
9.41,7.40,7.50,7.45
9.41,7.55,7.35,7.45
9.41,7.65,7.75,7.70
9.41,7.80,8.50,8.15
9.41,8.00,4.00,6.00
9.41,8.10,6.40,7.25
9.41,8.25,7.30,7.77
9.41,8.35,8.50,8.42
9.41,8.50,7.35,7.92
9.41,8.70,5.10,6.90
9.41,8.85,7.85,8.35
9.41,9.00,8.75,8.87
9.41,9.35,7.10,8.22
9.42,5.60,3.50,4.55
9.42,6.35,4.75,5.55
9.42,6.65,4.50,5.57
9.42,6.90,4.70,5.80
9.42,7.10,5.80,6.45
9.42,7.25,8.25,7.75
9.42,7.40,7.40,7.40
9.42,7.55,5.90,6.72
9.42,7.65,7.30,7.47
9.42,7.80,7.70,7.75
9.42,7.95,8.25,8.10
9.42,8.10,7.95,8.02
9.42,8.25,6.70,7.47
9.42,8.40,3.05,5.72
9.42,8.50,5.65,7.07
9.42,8.60,8.00,8.30
9.42,8.75,7.35,8.05
9.42,8.85,9.20,9.02
9.42,9.00,8.20,8.60
9.42,9.20,8.45,8.82
9.42,9.70,8.60,9.15
9.43,6.15,6.10,6.12
9.43,6.80,4.05,5.42
9.43,7.05,5.75,6.40
9.43,7.25,7.95,7.60
9.43,7.50,6.25,6.87
9.43,7.65,6.50,7.07
9.43,7.75,7.45,7.60
9.43,7.95,7.20,7.57
9.43,8.05,6.40,7.22
9.43,8.15,6.80,7.47
9.43,8.25,8.25,8.25
9.43,8.35,8.75,8.55
9.43,8.50,6.90,7.70
9.43,8.60,8.35,8.47
9.43,8.75,8.20,8.47
9.43,8.90,6.90,7.90
9.43,9.10,8.25,8.67
9.43,9.35,7.85,8.60
9.44,5.45,5.65,5.55
9.44,6.45,6.40,6.42
9.44,6.85,4.65,5.75
9.44,7.05,7.80,7.42
9.44,7.30,7.85,7.57
9.44,7.55,7.40,7.47
9.44,7.70,6.10,6.90
9.44,7.80,8.55,8.17
9.44,7.95,7.55,7.75
9.44,8.05,7.35,7.70
9.44,8.15,8.50,8.32
9.44,8.30,8.15,8.22
9.44,8.45,6.90,7.67
9.44,8.55,8.20,8.37
9.44,8.70,8.55,8.62
9.44,8.90,7.65,8.27
9.44,9.05,8.75,8.90
9.44,9.30,9.25,9.27
9.44,10.00,8.60,9.30
9.45,6.15,4.75,5.45
9.45,6.65,7.00,6.82
9.45,6.95,6.80,6.87
9.45,7.15,8.40,7.77
9.45,7.40,6.70,7.05
9.45,7.55,6.65,7.10
9.45,7.70,6.45,7.07
9.45,7.80,8.65,8.22
9.45,7.90,8.15,8.02
9.45,8.00,8.85,8.42
9.45,8.10,8.80,8.45
9.45,8.20,9.30,8.75
9.45,8.40,7.45,7.92
9.45,8.55,6.05,7.30
9.45,8.65,8.90,8.77
9.45,8.80,9.45,9.12
9.45,9.00,8.00,8.50
9.45,9.15,7.20,8.17
9.45,9.40,7.95,8.67
9.46,5.80,6.85,6.32
9.46,6.45,7.85,7.15
9.46,6.80,7.60,7.20
9.46,7.05,7.40,7.22
9.46,7.30,6.30,6.80
9.46,7.45,7.65,7.55
9.46,7.60,7.45,7.52
9.46,7.70,7.50,7.60
9.46,7.85,5.80,6.82
9.46,7.95,7.35,7.65
9.46,8.10,8.00,8.05
9.46,8.20,8.70,8.45
9.46,8.35,8.05,8.20
9.46,8.45,8.60,8.52
9.46,8.60,7.35,7.97
9.46,8.75,7.10,7.92
9.46,8.90,6.70,7.80
9.46,9.10,7.00,8.05
9.46,9.35,8.45,8.90
9.47,4.30,4.80,4.55
9.47,6.30,4.55,5.42
9.47,6.80,5.20,6.00
9.47,7.00,7.15,7.07
9.47,7.20,8.30,7.75
9.47,7.40,6.50,6.95
9.47,7.50,7.75,7.62
9.47,7.65,6.05,6.85
9.47,7.75,8.25,8.00
9.47,7.95,6.35,7.15
9.47,8.05,8.30,8.17
9.47,8.20,6.60,7.40
9.47,8.30,5.65,6.97
9.47,8.40,8.00,8.20
9.47,8.55,6.80,7.67
9.47,8.65,8.05,8.35
9.47,8.75,8.20,8.47
9.47,8.90,7.75,8.32
9.47,9.10,6.70,7.90
9.47,9.30,8.20,8.75
9.47,9.75,9.20,9.47
9.48,6.20,4.35,5.27
9.48,6.60,6.15,6.37
9.48,6.95,6.25,6.60
9.48,7.15,8.50,7.82
9.48,7.35,7.90,7.62
9.48,7.50,7.25,7.37
9.48,7.70,5.75,6.72
9.48,7.80,7.25,7.52
9.48,7.95,5.90,6.92
9.48,8.05,7.30,7.67
9.48,8.20,6.00,7.10
9.48,8.30,7.05,7.67
9.48,8.35,9.00,8.67
9.48,8.50,8.95,8.72
9.48,8.65,9.05,8.85
9.48,8.80,7.55,8.17
9.48,8.90,8.90,8.90
9.48,9.05,9.35,9.20
9.48,9.30,6.50,7.90
9.48,9.95,8.30,9.12
9.49,6.30,5.80,6.05
9.49,6.75,7.15,6.95
9.49,7.05,8.65,7.85
9.49,7.25,7.50,7.37
9.49,7.40,7.25,7.32
9.49,7.55,8.45,8.00
9.49,7.70,8.05,7.87
9.49,7.85,7.40,7.62
9.49,8.00,5.55,6.77
9.49,8.10,8.75,8.42
9.49,8.25,7.45,7.85
9.49,8.35,6.40,7.37
9.49,8.45,6.25,7.35
9.49,8.55,6.10,7.32
9.49,8.65,8.70,8.67
9.49,8.80,7.05,7.92
9.49,8.95,8.20,8.57
9.49,9.10,8.85,8.97
9.49,9.30,8.90,9.10
9.49,9.55,8.15,8.85
9.50,5.85,7.90,6.87
9.50,6.50,6.95,6.72
9.50,6.80,6.70,6.75
9.50,7.10,7.35,7.22
9.50,7.35,6.60,6.97
9.50,7.55,5.50,6.52
9.50,7.70,5.65,6.67
9.50,7.80,6.75,7.27
9.50,7.90,8.40,8.15
9.50,8.05,6.05,7.05
9.50,8.15,7.45,7.80
9.50,8.25,8.15,8.20
9.50,8.40,7.45,7.92
9.50,8.50,8.70,8.60
9.50,8.65,7.95,8.30
9.50,8.75,8.30,8.52
9.50,8.90,7.50,8.20
9.50,9.00,8.55,8.77
9.50,9.15,7.45,8.30
9.50,9.35,9.15,9.25
9.51,4.85,3.50,4.17
9.51,6.55,5.45,6.00
9.51,6.90,7.10,7.00
9.51,7.15,4.95,6.05
9.51,7.30,7.20,7.25
9.51,7.45,7.40,7.42
9.51,7.60,7.60,7.60
9.51,7.70,8.50,8.10
9.51,7.90,6.25,7.07
9.51,8.00,8.95,8.47
9.51,8.20,5.85,7.02
9.51,8.30,6.40,7.35
9.51,8.40,7.65,8.02
9.51,8.55,6.65,7.60
9.51,8.65,7.40,8.02
9.51,8.75,8.55,8.65
9.51,8.90,7.80,8.35
9.51,9.00,9.40,9.20
9.51,9.20,9.10,9.15
9.51,9.40,8.65,9.02
9.52,5.25,6.40,5.82
9.52,6.50,6.10,6.30
9.52,6.80,6.80,6.80
9.52,7.15,7.20,7.17
9.52,7.35,5.45,6.40
9.52,7.45,8.05,7.75
9.52,7.70,5.90,6.80
9.52,7.80,7.45,7.62
9.52,7.95,6.40,7.17
9.52,8.05,7.40,7.72
9.52,8.15,8.90,8.52
9.52,8.25,8.40,8.32
9.52,8.40,6.40,7.40
9.52,8.50,6.65,7.57
9.52,8.60,7.25,7.92
9.52,8.70,8.00,8.35
9.52,8.85,8.15,8.50
9.52,9.00,5.10,7.05
9.52,9.10,9.35,9.22
9.52,9.35,8.55,8.95
9.53,4.85,7.30,6.07
9.53,6.30,5.75,6.02
9.53,6.75,8.75,7.75
9.53,7.10,7.30,7.20
9.53,7.25,8.00,7.62
9.53,7.50,6.70,7.10
9.53,7.70,3.55,5.62
9.53,7.80,8.15,7.97
9.53,7.90,8.70,8.30
9.53,8.00,8.80,8.40
9.53,8.10,8.90,8.50
9.53,8.25,7.70,7.97
9.53,8.35,7.85,8.10
9.53,8.45,8.20,8.32
9.53,8.55,6.70,7.62
9.53,8.65,8.05,8.35
9.53,8.75,8.10,8.42
9.53,8.85,8.20,8.52
9.53,9.00,7.20,8.10
9.53,9.15,9.50,9.32
9.53,9.45,7.65,8.55
9.54,5.35,3.00,4.17
9.54,6.40,5.35,5.87
9.54,6.80,6.90,6.85
9.54,7.05,7.20,7.12
9.54,7.25,5.15,6.20
9.54,7.40,8.25,7.82
9.54,7.60,7.35,7.47
9.54,7.75,9.05,8.40
9.54,7.90,9.05,8.47
9.54,8.00,8.70,8.35
9.54,8.10,8.90,8.50
9.54,8.25,7.00,7.62
9.54,8.35,7.50,7.92
9.54,8.45,7.25,7.85
9.54,8.55,9.25,8.90
9.54,8.70,6.20,7.45
9.54,8.80,6.90,7.85
9.54,8.85,9.00,8.92
9.54,9.00,8.45,8.72
9.54,9.15,6.55,7.85
9.54,9.30,7.60,8.45
9.54,9.50,8.50,9.00
9.55,6.10,6.65,6.37
9.55,6.55,6.85,6.70
9.55,6.90,8.30,7.60
9.55,7.10,7.50,7.30
9.55,7.30,7.25,7.27
9.55,7.50,5.60,6.55
9.55,7.65,7.55,7.60
9.55,7.80,7.05,7.42
9.55,7.90,8.95,8.42
9.55,8.05,8.80,8.42
9.55,8.15,8.15,8.15
9.55,8.30,7.60,7.95
9.55,8.40,7.85,8.12
9.55,8.50,8.20,8.35
9.55,8.60,8.45,8.52
9.55,8.70,8.85,8.77
9.55,8.80,9.25,9.02
9.55,8.90,8.80,8.85
9.55,9.05,9.00,9.02
9.55,9.25,7.95,8.60
9.55,9.40,8.65,9.02
9.55,9.95,8.95,9.45
9.56,6.35,5.90,6.12
9.56,6.75,7.75,7.25
9.56,7.05,8.35,7.70
9.56,7.30,7.95,7.62
9.56,7.55,7.10,7.32
9.56,7.70,9.10,8.40
9.56,7.85,7.20,7.52
9.56,8.00,6.95,7.47
9.56,8.10,8.20,8.15
9.56,8.25,7.95,8.10
9.56,8.35,8.60,8.47
9.56,8.40,9.15,8.77
9.56,8.50,8.90,8.70
9.56,8.60,8.25,8.42
9.56,8.70,7.85,8.27
9.56,8.85,8.30,8.57
9.56,8.95,8.70,8.82
9.56,9.10,7.85,8.47
9.56,9.25,9.05,9.15
9.56,9.45,9.05,9.25
9.57,5.80,3.50,4.65
9.57,6.50,5.00,5.75
9.57,6.95,4.95,5.95
9.57,7.15,7.60,7.37
9.57,7.35,7.40,7.37
9.57,7.55,6.90,7.22
9.57,7.70,7.65,7.67
9.57,7.85,6.15,7.00
9.57,7.95,5.75,6.85
9.57,8.05,8.20,8.12
9.57,8.15,6.70,7.42
9.57,8.25,8.25,8.25
9.57,8.40,7.50,7.95
9.57,8.50,7.75,8.12
9.57,8.60,6.60,7.60
9.57,8.70,7.50,8.10
9.57,8.80,6.05,7.42
9.57,8.85,9.20,9.02
9.57,9.00,8.50,8.75
9.57,9.15,8.10,8.62
9.57,9.30,7.90,8.60
9.57,9.45,9.60,9.52
9.58,5.85,5.45,5.65
9.58,6.60,7.55,7.07
9.58,7.00,5.05,6.02
9.58,7.25,5.85,6.55
9.58,7.40,7.80,7.60
9.58,7.60,3.90,5.75
9.58,7.70,3.55,5.62
9.58,7.75,8.50,8.12
9.58,7.90,6.70,7.30
9.58,8.00,6.55,7.27
9.58,8.10,7.55,7.82
9.58,8.20,7.40,7.80
9.58,8.30,6.70,7.50
9.58,8.40,6.35,7.37
9.58,8.50,9.65,9.07
9.58,8.60,8.40,8.50
9.58,8.70,7.75,8.22
9.58,8.80,7.80,8.30
9.58,8.90,7.85,8.37
9.58,9.00,7.30,8.15
9.58,9.10,8.70,8.90
9.58,9.25,8.95,9.10
9.58,9.35,9.20,9.27
9.58,9.60,8.85,9.22
9.59,6.40,4.30,5.35
9.59,6.95,5.95,6.45
9.59,7.20,6.70,6.95
9.59,7.40,8.60,8.00
9.59,7.65,6.30,6.97
9.59,7.80,3.70,5.75
9.59,7.85,9.05,8.45
9.59,8.00,7.55,7.77
9.59,8.15,6.70,7.42
9.59,8.25,5.95,7.10
9.59,8.30,8.80,8.55
9.59,8.40,7.75,8.07
9.59,8.50,6.30,7.40
9.59,8.60,6.80,7.70
9.59,8.65,7.45,8.05
9.59,8.75,6.65,7.70
9.59,8.85,6.75,7.80
9.59,8.95,8.05,8.50
9.59,9.05,8.65,8.85
9.59,9.15,8.15,8.65
9.59,9.25,8.30,8.77
9.59,9.40,8.05,8.72
9.59,9.60,8.10,8.85
9.60,6.35,6.65,6.50
9.60,6.80,7.80,7.30
9.60,7.15,3.70,5.42
9.60,7.35,7.40,7.37
9.60,7.60,5.65,6.62
9.60,7.70,7.85,7.77
9.60,7.80,7.95,7.87
9.60,7.90,8.50,8.20
9.60,8.00,8.75,8.37
9.60,8.10,8.55,8.32
9.60,8.20,8.50,8.35
9.60,8.30,7.90,8.10
9.60,8.40,7.10,7.75
9.60,8.45,8.50,8.47
9.60,8.55,7.35,7.95
9.60,8.60,9.10,8.85
9.60,8.75,8.20,8.47
9.60,8.85,7.60,8.22
9.60,8.90,9.25,9.07
9.60,9.05,7.05,8.05
9.60,9.15,8.80,8.97
9.60,9.30,5.60,7.45
9.60,9.45,7.70,8.57
9.60,9.75,5.95,7.85
9.61,6.35,7.75,7.05
9.61,6.95,5.80,6.37
9.61,7.15,5.35,6.25
9.61,7.35,8.15,7.75
9.61,7.50,8.10,7.80
9.61,7.65,6.35,7.00
9.61,7.75,7.40,7.57
9.61,7.85,8.85,8.35
9.61,8.00,6.30,7.15
9.61,8.10,5.05,6.57
9.61,8.20,6.50,7.35
9.61,8.30,6.90,7.60
9.61,8.35,8.55,8.45
9.61,8.45,9.20,8.82
9.61,8.55,8.30,8.42
9.61,8.65,6.00,7.32
9.61,8.75,6.75,7.75
9.61,8.80,9.35,9.07
9.61,8.95,8.05,8.50
9.61,9.10,7.20,8.15
9.61,9.20,8.20,8.70
9.61,9.30,9.00,9.15
9.61,9.45,8.95,9.20
9.61,9.65,9.10,9.37
9.62,6.45,5.85,6.15
9.62,6.90,7.50,7.20
9.62,7.25,7.60,7.42
9.62,7.45,7.00,7.22
9.62,7.65,6.40,7.02
9.62,7.75,7.75,7.75
9.62,7.85,8.60,8.22
9.62,8.00,4.40,6.20
9.62,8.05,9.00,8.52
9.62,8.20,7.70,7.95
9.62,8.30,8.15,8.22
9.62,8.40,8.50,8.45
9.62,8.50,8.45,8.47
9.62,8.60,7.70,8.15
9.62,8.65,9.20,8.92
9.62,8.75,6.90,7.82
9.62,8.80,9.20,9.00
9.62,8.95,7.40,8.17
9.62,9.05,5.80,7.42
9.62,9.10,9.55,9.32
9.62,9.25,8.95,9.10
9.62,9.45,7.10,8.27
9.62,9.70,9.05,9.37
9.63,6.40,4.80,5.60
9.63,6.90,5.30,6.10
9.63,7.20,8.70,7.95
9.63,7.45,4.25,5.85
9.63,7.60,6.05,6.82
9.63,7.70,8.70,8.20
9.63,7.85,7.00,7.42
9.63,7.95,8.05,8.00
9.63,8.05,6.75,7.40
9.63,8.15,8.70,8.42
9.63,8.25,8.90,8.57
9.63,8.40,5.80,7.10
9.63,8.50,7.90,8.20
9.63,8.60,7.80,8.20
9.63,8.65,8.85,8.75
9.63,8.75,9.10,8.92
9.63,8.85,9.25,9.05
9.63,9.00,9.00,9.00
9.63,9.10,9.20,9.15
9.63,9.25,8.05,8.65
9.63,9.40,7.25,8.32
9.63,9.50,9.05,9.27
9.63,9.70,9.00,9.35
9.64,6.30,5.90,6.10
9.64,6.85,6.65,6.75
9.64,7.20,6.85,7.02
9.64,7.40,7.40,7.40
9.64,7.60,6.20,6.90
9.64,7.70,8.20,7.95
9.64,7.90,6.45,7.17
9.64,8.00,5.00,6.50
9.64,8.05,8.45,8.25
9.64,8.20,6.35,7.27
9.64,8.30,7.85,8.07
9.64,8.35,8.90,8.62
9.64,8.45,7.40,7.92
9.64,8.55,7.25,7.90
9.64,8.60,8.95,8.77
9.64,8.70,8.90,8.80
9.64,8.80,7.40,8.10
9.64,8.85,8.95,8.90
9.64,8.95,8.90,8.92
9.64,9.05,8.10,8.57
9.64,9.10,9.15,9.12
9.64,9.20,8.85,9.02
9.64,9.35,9.05,9.20
9.64,9.55,7.60,8.57
9.64,9.75,9.20,9.47
9.65,6.35,5.10,5.72
9.65,6.80,8.50,7.65
9.65,7.15,6.20,6.67
9.65,7.35,6.30,6.82
9.65,7.55,5.95,6.75
9.65,7.70,8.05,7.87
9.65,7.85,8.85,8.35
9.65,8.00,8.35,8.17
9.65,8.15,6.20,7.17
9.65,8.25,6.80,7.52
9.65,8.35,8.05,8.20
9.65,8.45,7.25,7.85
9.65,8.50,9.45,8.97
9.65,8.60,8.55,8.57
9.65,8.70,7.60,8.15
9.65,8.80,7.55,8.17
9.65,8.90,6.80,7.85
9.65,8.95,9.00,8.97
9.65,9.05,9.10,9.07
9.65,9.15,8.45,8.80
9.65,9.25,8.25,8.75
9.65,9.35,6.50,7.92
9.65,9.45,9.35,9.40
9.65,9.70,9.40,9.55
9.66,6.30,7.05,6.67
9.66,6.90,6.75,6.82
9.66,7.20,5.55,6.37
9.66,7.35,8.00,7.67
9.66,7.55,7.90,7.72
9.66,7.75,6.40,7.07
9.66,7.90,5.65,6.77
9.66,8.00,8.15,8.07
9.66,8.15,7.80,7.97
9.66,8.25,8.70,8.47
9.66,8.40,7.60,8.00
9.66,8.50,7.80,8.15
9.66,8.55,8.80,8.67
9.66,8.65,8.40,8.52
9.66,8.70,9.20,8.95
9.66,8.80,8.20,8.50
9.66,8.90,8.60,8.75
9.66,9.00,8.45,8.72
9.66,9.05,9.10,9.07
9.66,9.15,7.95,8.55
9.66,9.25,7.55,8.40
9.66,9.30,9.45,9.37
9.66,9.50,8.65,9.07
9.66,9.70,9.15,9.42
9.67,6.10,6.95,6.52
9.67,6.75,5.45,6.10
9.67,7.10,5.20,6.15
9.67,7.35,7.75,7.55
9.67,7.60,6.90,7.25
9.67,7.70,6.80,7.25
9.67,7.90,5.25,6.57
9.67,8.00,7.00,7.50
9.67,8.10,9.40,8.75
9.67,8.25,7.80,8.02
9.67,8.35,8.10,8.22
9.67,8.40,9.75,9.07
9.67,8.50,8.30,8.40
9.67,8.60,7.75,8.17
9.67,8.70,8.10,8.40
9.67,8.75,8.75,8.75
9.67,8.85,7.50,8.17
9.67,8.90,8.90,8.90
9.67,9.00,8.85,8.92
9.67,9.10,9.15,9.12
9.67,9.20,8.50,8.85
9.67,9.30,8.35,8.82
9.67,9.40,6.60,8.00
9.67,9.55,8.75,9.15
9.67,9.90,8.90,9.40
9.68,6.75,4.25,5.50
9.68,7.05,5.75,6.40
9.68,7.35,6.45,6.90
9.68,7.55,5.65,6.60
9.68,7.70,5.35,6.52
9.68,7.85,5.25,6.55
9.68,7.95,9.05,8.50
9.68,8.10,7.90,8.00
9.68,8.20,7.35,7.77
9.68,8.30,6.30,7.30
9.68,8.40,8.10,8.25
9.68,8.50,7.95,8.22
9.68,8.55,9.25,8.90
9.68,8.65,8.25,8.45
9.68,8.75,7.40,8.07
9.68,8.80,8.65,8.72
9.68,8.90,8.00,8.45
9.68,8.95,9.05,9.00
9.68,9.05,8.15,8.60
9.68,9.15,8.60,8.87
9.68,9.20,9.05,9.12
9.68,9.30,8.75,9.02
9.68,9.40,9.10,9.25
9.68,9.55,8.45,9.00
9.68,9.70,9.50,9.60
9.69,6.50,6.85,6.67
9.69,6.95,7.25,7.10
9.69,7.35,8.90,8.12
9.69,7.65,6.25,6.95
9.69,7.75,7.80,7.77
9.69,7.90,4.50,6.20
9.69,8.05,8.35,8.20
9.69,8.15,7.75,7.95
9.69,8.25,7.05,7.65
9.69,8.35,7.95,8.15
9.69,8.45,7.30,7.87
9.69,8.50,8.20,8.35
9.69,8.60,8.05,8.32
9.69,8.65,9.10,8.87
9.69,8.75,8.75,8.75
9.69,8.85,7.55,8.20
9.69,8.90,8.70,8.80
9.69,9.00,8.10,8.55
9.69,9.10,7.35,8.22
9.69,9.15,9.25,9.20
9.69,9.25,9.05,9.15
9.69,9.35,8.55,8.95
9.69,9.50,7.70,8.60
9.69,9.70,9.60,9.65
9.70,6.50,6.05,6.27
9.70,7.10,7.50,7.30
9.70,7.35,4.85,6.10
9.70,7.60,4.70,6.15
9.70,7.75,7.95,7.85
9.70,7.85,8.35,8.10
9.70,8.00,9.30,8.65
9.70,8.15,6.95,7.55
9.70,8.25,9.00,8.62
9.70,8.35,7.75,8.05
9.70,8.40,8.20,8.30
9.70,8.50,6.30,7.40
9.70,8.55,8.35,8.45
9.70,8.60,9.10,8.85
9.70,8.70,8.35,8.52
9.70,8.80,7.80,8.30
9.70,8.85,9.40,9.12
9.70,8.95,7.85,8.40
9.70,9.00,9.25,9.12
9.70,9.10,8.55,8.82
9.70,9.20,8.25,8.72
9.70,9.30,8.65,8.97
9.70,9.40,9.00,9.20
9.70,9.50,9.30,9.40
9.70,9.70,9.35,9.52
9.71,6.40,4.50,5.45
9.71,7.05,6.25,6.65
9.71,7.35,9.00,8.17
9.71,7.65,7.55,7.60
9.71,7.90,3.20,5.55
9.71,7.95,8.95,8.45
9.71,8.10,8.90,8.50
9.71,8.20,9.25,8.72
9.71,8.35,7.20,7.77
9.71,8.45,6.70,7.57
9.71,8.50,8.50,8.50
9.71,8.60,7.50,8.05
9.71,8.70,7.25,7.97
9.71,8.75,8.80,8.77
9.71,8.85,7.50,8.17
9.71,8.90,9.00,8.95
9.71,9.00,8.45,8.72
9.71,9.05,9.10,9.07
9.71,9.15,7.35,8.25
9.71,9.20,8.95,9.07
9.71,9.30,9.15,9.22
9.71,9.45,8.50,8.97
9.71,9.55,9.10,9.32
9.71,9.75,9.10,9.42
9.72,6.65,7.50,7.07
9.72,7.15,9.30,8.22
9.72,7.45,5.40,6.42
9.72,7.60,7.40,7.50
9.72,7.75,7.05,7.40
9.72,7.95,5.75,6.85
9.72,8.05,7.70,7.87
9.72,8.20,3.85,6.02
9.72,8.30,7.85,8.07
9.72,8.40,8.20,8.30
9.72,8.50,8.35,8.42
9.72,8.60,8.40,8.50
9.72,8.75,7.80,8.27
9.72,8.85,5.80,7.32
9.72,8.90,8.40,8.65
9.72,9.00,7.00,8.00
9.72,9.05,8.30,8.67
9.72,9.10,8.60,8.85
9.72,9.20,7.75,8.47
9.72,9.25,9.35,9.30
9.72,9.40,8.35,8.87
9.72,9.50,9.30,9.40
9.72,9.65,8.90,9.27
9.73,6.20,6.35,6.27
9.73,6.95,5.10,6.02
9.73,7.25,8.85,8.05
9.73,7.55,5.65,6.60
9.73,7.70,6.85,7.27
9.73,7.90,5.85,6.87
9.73,8.00,8.50,8.25
9.73,8.15,6.05,7.10
9.73,8.25,8.85,8.55
9.73,8.35,8.25,8.30
9.73,8.45,7.75,8.10
9.73,8.55,8.25,8.40
9.73,8.60,8.95,8.77
9.73,8.70,7.80,8.25
9.73,8.75,9.30,9.02
9.73,8.85,7.40,8.12
9.73,8.90,8.95,8.92
9.73,9.00,8.00,8.50
9.73,9.10,8.00,8.55
9.73,9.15,9.35,9.25
9.73,9.25,9.00,9.12
9.73,9.40,7.05,8.22
9.73,9.50,5.45,7.47
9.73,9.60,9.05,9.32
9.73,9.80,8.70,9.25
9.74,6.75,6.35,6.55
9.74,7.25,5.45,6.35
9.74,7.55,7.75,7.65
9.74,7.70,8.40,8.05
9.74,7.90,8.85,8.37
9.74,8.00,8.50,8.25
9.74,8.15,6.05,7.10
9.74,8.25,8.85,8.55
9.74,8.35,7.85,8.10
9.74,8.40,8.75,8.57
9.74,8.55,5.95,7.25
9.74,8.60,8.60,8.60
9.74,8.70,7.95,8.32
9.74,8.75,8.80,8.77
9.74,8.80,8.65,8.72
9.74,8.85,9.30,9.07
9.74,8.95,8.00,8.47
9.74,9.00,9.15,9.07
9.74,9.10,8.20,8.65
9.74,9.15,8.90,9.02
9.74,9.25,6.20,7.72
9.74,9.30,9.00,9.15
9.74,9.40,8.75,9.07
9.74,9.50,9.00,9.25
9.74,9.60,9.25,9.42
9.74,9.85,9.05,9.45
9.75,6.80,6.65,6.72
9.75,7.25,8.60,7.92
9.75,7.55,7.15,7.35
9.75,7.80,7.55,7.67
9.75,7.95,6.10,7.02
9.75,8.05,8.60,8.32
9.75,8.20,7.30,7.75
9.75,8.30,9.20,8.75
9.75,8.45,7.80,8.12
9.75,8.55,8.60,8.57
9.75,8.65,8.85,8.75
9.75,8.75,8.80,8.77
9.75,8.85,5.65,7.25
9.75,8.90,8.80,8.85
9.75,9.00,7.60,8.30
9.75,9.05,8.90,8.97
9.75,9.10,9.05,9.07
9.75,9.20,7.65,8.42
9.75,9.25,8.90,9.07
9.75,9.35,7.65,8.50
9.75,9.40,9.25,9.32
9.75,9.50,9.10,9.30
9.75,9.60,9.45,9.52
9.75,9.85,8.10,8.97
9.76,6.60,5.70,6.15
9.76,7.20,5.90,6.55
9.76,7.55,7.05,7.30
9.76,7.75,6.00,6.87
9.76,7.90,7.15,7.52
9.76,8.05,7.45,7.75
9.76,8.20,5.85,7.02
9.76,8.30,7.80,8.05
9.76,8.40,8.00,8.20
9.76,8.50,4.85,6.67
9.76,8.60,6.60,7.60
9.76,8.65,8.60,8.62
9.76,8.75,8.05,8.40
9.76,8.85,6.95,7.90
9.76,8.90,8.40,8.65
9.76,8.95,9.75,9.35
9.76,9.00,9.50,9.25
9.76,9.10,8.20,8.65
9.76,9.15,8.95,9.05
9.76,9.25,8.50,8.87
9.76,9.30,9.05,9.17
9.76,9.40,8.10,8.75
9.76,9.45,9.45,9.45
9.76,9.55,9.30,9.42
9.76,9.70,7.95,8.82
9.77,5.85,7.20,6.52
9.77,6.85,6.35,6.60
9.77,7.30,4.75,6.02
9.77,7.55,5.80,6.67
9.77,7.75,6.25,7.00
9.77,7.85,8.70,8.27
9.77,8.00,8.95,8.47
9.77,8.15,6.70,7.42
9.77,8.20,9.05,8.62
9.77,8.35,8.70,8.52
9.77,8.45,8.15,8.30
9.77,8.55,8.10,8.32
9.77,8.65,7.85,8.25
9.77,8.75,6.90,7.82
9.77,8.85,5.95,7.40
9.77,8.90,9.10,9.00
9.77,8.95,9.70,9.32
9.77,9.05,7.85,8.45
9.77,9.10,8.90,9.00
9.77,9.15,9.25,9.20
9.77,9.25,8.25,8.75
9.77,9.30,8.90,9.10
9.77,9.35,9.25,9.30
9.77,9.45,8.70,9.07
9.77,9.50,9.20,9.35
9.77,9.60,8.45,9.02
9.77,9.70,9.70,9.70
9.78,5.65,3.75,4.70
9.78,7.10,6.20,6.65
9.78,7.50,6.35,6.92
9.78,7.70,6.10,6.90
9.78,7.85,8.35,8.10
9.78,8.00,8.15,8.07
9.78,8.10,9.30,8.70
9.78,8.20,9.20,8.70
9.78,8.35,6.15,7.25
9.78,8.40,9.30,8.85
9.78,8.50,8.70,8.60
9.78,8.60,9.25,8.92
9.78,8.70,8.85,8.77
9.78,8.80,8.75,8.77
9.78,8.90,8.45,8.67
9.78,9.00,8.10,8.55
9.78,9.05,9.00,9.02
9.78,9.15,6.90,8.02
9.78,9.20,8.70,8.95
9.78,9.25,9.20,9.22
9.78,9.35,8.50,8.92
9.78,9.45,7.75,8.60
9.78,9.50,9.00,9.25
9.78,9.55,9.25,9.40
9.78,9.75,9.00,9.37
9.79,6.20,7.70,6.95
9.79,7.25,7.05,7.15
9.79,7.55,7.45,7.50
9.79,7.80,5.55,6.67
9.79,7.95,5.80,6.87
9.79,8.10,6.05,7.07
9.79,8.25,6.40,7.32
9.79,8.35,8.15,8.25
9.79,8.45,8.25,8.35
9.79,8.55,9.15,8.85
9.79,8.70,6.30,7.50
9.79,8.75,8.65,8.70
9.79,8.80,9.55,9.17
9.79,8.90,7.85,8.37
9.79,8.95,8.60,8.77
9.79,9.00,8.80,8.90
9.79,9.10,8.15,8.62
9.79,9.15,9.30,9.22
9.79,9.20,9.30,9.25
9.79,9.30,8.40,8.85
9.79,9.35,9.25,9.30
9.79,9.45,8.00,8.72
9.79,9.50,9.10,9.30
9.79,9.60,8.65,9.12
9.79,9.75,9.15,9.45
9.80,6.35,6.90,6.62
9.80,7.25,6.45,6.85
9.80,7.65,6.90,7.27
9.80,7.85,8.75,8.30
9.80,8.00,8.70,8.35
9.80,8.15,6.65,7.40
9.80,8.25,7.55,7.90
9.80,8.40,6.95,7.67
9.80,8.50,6.65,7.57
9.80,8.55,9.10,8.82
9.80,8.65,8.45,8.55
9.80,8.80,7.80,8.30
9.80,8.85,8.75,8.80
9.80,8.90,9.15,9.02
9.80,9.00,8.70,8.85
9.80,9.05,9.10,9.07
9.80,9.15,7.95,8.55
9.80,9.20,8.60,8.90
9.80,9.25,8.95,9.10
9.80,9.35,7.90,8.62
9.80,9.40,8.70,9.05
9.80,9.45,9.70,9.57
9.80,9.55,8.95,9.25
9.80,9.65,9.50,9.57
9.80,9.85,9.30,9.57
9.81,6.80,5.20,6.00
9.81,7.35,6.10,6.72
9.81,7.75,6.95,7.35
9.81,7.95,8.80,8.37
9.81,8.20,6.80,7.50
9.81,8.30,8.10,8.20
9.81,8.40,8.45,8.42
9.81,8.50,8.60,8.55
9.81,8.60,7.65,8.12
9.81,8.65,9.05,8.85
9.81,8.75,7.05,7.90
9.81,8.85,8.25,8.55
9.81,8.90,8.90,8.90
9.81,9.00,8.30,8.65
9.81,9.05,9.80,9.42
9.81,9.15,8.40,8.77
9.81,9.20,9.40,9.30
9.81,9.25,9.40,9.32
9.81,9.30,9.80,9.55
9.81,9.40,9.10,9.25
9.81,9.50,8.75,9.12
9.81,9.60,7.80,8.70
9.81,9.70,8.30,9.00
9.81,9.85,9.30,9.57
9.82,7.05,8.05,7.55
9.82,7.55,7.05,7.30
9.82,7.80,8.15,7.97
9.82,8.05,9.15,8.60
9.82,8.25,7.00,7.62
9.82,8.35,9.05,8.70
9.82,8.50,8.60,8.55
9.82,8.60,9.05,8.82
9.82,8.70,8.05,8.37
9.82,8.75,9.40,9.07
9.82,8.85,8.20,8.52
9.82,8.90,9.00,8.95
9.82,9.00,7.90,8.45
9.82,9.05,8.50,8.77
9.82,9.10,9.05,9.07
9.82,9.20,8.10,8.65
9.82,9.25,8.40,8.82
9.82,9.30,8.45,8.87
9.82,9.35,8.85,9.10
9.82,9.40,8.85,9.12
9.82,9.45,9.05,9.25
9.82,9.55,9.15,9.35
9.82,9.65,7.50,8.57
9.82,9.75,9.25,9.50
9.83,5.90,5.80,5.85
9.83,7.30,6.55,6.92
9.83,7.60,7.60,7.60
9.83,7.85,9.00,8.42
9.83,8.10,7.95,8.02
9.83,8.25,6.60,7.42
9.83,8.40,7.90,8.15
9.83,8.50,7.10,7.80
9.83,8.55,9.40,8.97
9.83,8.65,8.90,8.77
9.83,8.75,7.40,8.07
9.83,8.80,8.60,8.70
9.83,8.90,8.00,8.45
9.83,8.95,9.00,8.97
9.83,9.00,9.45,9.22
9.83,9.10,8.20,8.65
9.83,9.15,8.60,8.87
9.83,9.20,8.55,8.87
9.83,9.25,8.90,9.07
9.83,9.30,9.05,9.17
9.83,9.40,8.80,9.10
9.83,9.45,9.90,9.67
9.83,9.55,9.45,9.50
9.83,9.65,9.35,9.50
9.83,9.80,9.85,9.82
9.84,5.90,6.30,6.10
9.84,7.30,6.40,6.85
9.84,7.75,6.30,7.02
9.84,7.95,7.00,7.47
9.84,8.15,6.95,7.55
9.84,8.30,7.45,7.87
9.84,8.40,7.80,8.10
9.84,8.50,9.25,8.87
9.84,8.60,9.20,8.90
9.84,8.70,8.15,8.42
9.84,8.80,7.75,8.27
9.84,8.85,9.40,9.12
9.84,8.90,9.35,9.12
9.84,9.00,8.45,8.72
9.84,9.05,8.80,8.92
9.84,9.10,9.15,9.12
9.84,9.15,8.80,8.97
9.84,9.20,9.30,9.25
9.84,9.25,9.50,9.37
9.84,9.30,9.80,9.55
9.84,9.40,7.80,8.60
9.84,9.45,9.05,9.25
9.84,9.55,8.75,9.15
9.84,9.65,6.95,8.30
9.84,9.70,9.10,9.40
9.84,9.90,8.35,9.12
9.85,7.20,6.10,6.65
9.85,7.65,6.90,7.27
9.85,7.95,5.25,6.60
9.85,8.10,8.75,8.42
9.85,8.25,8.55,8.40
9.85,8.40,7.25,7.82
9.85,8.50,7.85,8.17
9.85,8.60,8.15,8.37
9.85,8.70,7.45,8.07
9.85,8.75,8.85,8.80
9.85,8.80,9.25,9.02
9.85,8.90,9.05,8.97
9.85,9.00,7.20,8.10
9.85,9.05,9.05,9.05
9.85,9.10,9.40,9.25
9.85,9.20,8.50,8.85
9.85,9.25,9.00,9.12
9.85,9.30,9.15,9.22
9.85,9.35,9.15,9.25
9.85,9.40,9.55,9.47
9.85,9.50,8.30,8.90
9.85,9.55,9.20,9.37
9.85,9.65,9.25,9.45
9.85,9.80,7.85,8.82
9.85,9.90,9.75,9.82
9.86,7.10,7.60,7.35
9.86,7.60,7.50,7.55
9.86,8.00,7.80,7.90
9.86,8.15,8.60,8.37
9.86,8.30,8.55,8.42
9.86,8.45,7.00,7.72
9.86,8.50,8.85,8.67
9.86,8.60,9.00,8.80
9.86,8.75,7.30,8.02
9.86,8.85,8.40,8.62
9.86,8.95,7.10,8.02
9.86,9.00,8.30,8.65
9.86,9.05,8.75,8.90
9.86,9.10,9.30,9.20
9.86,9.20,8.35,8.77
9.86,9.20,9.45,9.32
9.86,9.30,7.80,8.55
9.86,9.35,8.60,8.97
9.86,9.40,8.80,9.10
9.86,9.45,9.20,9.32
9.86,9.50,9.25,9.37
9.86,9.60,8.20,8.90
9.86,9.70,8.80,9.25
9.86,9.80,9.15,9.47
9.87,6.65,7.90,7.27
9.87,7.45,6.70,7.07
9.87,7.75,8.40,8.07
9.87,8.00,6.20,7.10
9.87,8.20,8.10,8.15
9.87,8.30,9.45,8.87
9.87,8.45,6.60,7.52
9.87,8.50,9.45,8.97
9.87,8.65,6.50,7.57
9.87,8.70,8.40,8.55
9.87,8.80,7.95,8.37
9.87,8.85,9.10,8.97
9.87,8.90,9.75,9.32
9.87,9.00,7.80,8.40
9.87,9.05,9.20,9.12
9.87,9.10,9.20,9.15
9.87,9.20,8.15,8.67
9.87,9.25,8.45,8.85
9.87,9.30,8.80,9.05
9.87,9.35,9.20,9.27
9.87,9.40,9.55,9.47
9.87,9.45,9.70,9.57
9.87,9.55,9.20,9.37
9.87,9.60,9.35,9.47
9.87,9.70,9.25,9.47
9.87,9.80,9.65,9.72
9.88,6.65,5.00,5.82
9.88,7.50,8.05,7.77
9.88,7.85,7.70,7.77
9.88,8.15,7.50,7.82
9.88,8.30,8.25,8.27
9.88,8.40,9.50,8.95
9.88,8.55,7.10,7.82
9.88,8.60,8.45,8.52
9.88,8.70,8.25,8.47
9.88,8.75,9.25,9.00
9.88,8.85,8.85,8.85
9.88,8.90,8.80,8.85
9.88,9.00,7.80,8.40
9.88,9.05,7.15,8.10
9.88,9.10,8.70,8.90
9.88,9.20,8.50,8.85
9.88,9.25,9.05,9.15
9.88,9.30,8.95,9.12
9.88,9.35,9.15,9.25
9.88,9.40,9.05,9.22
9.88,9.45,9.15,9.30
9.88,9.50,9.25,9.37
9.88,9.60,8.45,9.02
9.88,9.65,9.00,9.32
9.88,9.70,9.45,9.57
9.88,9.80,8.95,9.37
9.89,6.30,8.20,7.25
9.89,7.45,8.10,7.77
9.89,7.85,8.80,8.32
9.89,8.05,8.70,8.37
9.89,8.25,8.50,8.37
9.89,8.40,9.25,8.82
9.89,8.50,9.60,9.05
9.89,8.65,8.55,8.60
9.89,8.75,8.95,8.85
9.89,8.85,7.95,8.40
9.89,8.95,7.40,8.17
9.89,9.00,8.90,8.95
9.89,9.10,7.90,8.50
9.89,9.15,8.70,8.92
9.89,9.20,9.10,9.15
9.89,9.25,9.40,9.32
9.89,9.35,7.20,8.27
9.89,9.40,8.55,8.97
9.89,9.45,7.45,8.45
9.89,9.50,9.15,9.32
9.89,9.55,9.20,9.37
9.89,9.60,9.35,9.47
9.89,9.65,9.55,9.60
9.89,9.75,8.95,9.35
9.89,9.80,9.85,9.82
9.90,5.85,8.15,7.00
9.90,7.45,9.30,8.37
9.90,7.85,7.05,7.45
9.90,8.10,7.25,7.67
9.90,8.25,8.85,8.55
9.90,8.40,8.85,8.62
9.90,8.50,8.90,8.70
9.90,8.60,9.15,8.87
9.90,8.70,8.20,8.45
9.90,8.75,9.65,9.20
9.90,8.85,8.70,8.77
9.90,8.90,9.10,9.00
9.90,9.00,7.30,8.15
9.90,9.05,8.50,8.77
9.90,9.10,8.90,9.00
9.90,9.15,8.65,8.90
9.90,9.20,9.10,9.15
9.90,9.25,9.25,9.25
9.90,9.30,9.55,9.42
9.90,9.35,9.40,9.37
9.90,9.45,6.85,8.15
9.90,9.45,9.70,9.57
9.90,9.55,8.40,8.97
9.90,9.60,9.05,9.32
9.90,9.65,9.75,9.70
9.90,9.75,9.20,9.47
9.90,9.90,8.55,9.22
9.91,7.15,6.90,7.02
9.91,7.70,8.10,7.90
9.91,7.90,7.45,7.67
9.91,8.10,7.90,8.00
9.91,8.25,8.65,8.45
9.91,8.40,8.45,8.42
9.91,8.45,9.00,8.72
9.91,8.60,7.00,7.80
9.91,8.70,8.35,8.52
9.91,8.80,7.00,7.90
9.91,8.85,8.30,8.57
9.91,8.90,8.40,8.65
9.91,8.95,8.35,8.65
9.91,9.00,8.60,8.80
9.91,9.05,8.55,8.80
9.91,9.10,7.95,8.52
9.91,9.15,7.45,8.30
9.91,9.20,6.00,7.60
9.91,9.25,7.90,8.57
9.91,9.25,9.65,9.45
9.91,9.30,9.15,9.22
9.91,9.35,9.00,9.17
9.91,9.35,10.00,9.67
9.91,9.40,9.35,9.37
9.91,9.45,9.20,9.32
9.91,9.50,9.20,9.35
9.91,9.55,9.05,9.30
9.91,9.60,8.90,9.25
9.91,9.65,8.75,9.20
9.91,9.70,9.15,9.42
9.91,9.75,9.15,9.45
9.91,9.80,9.60,9.70
9.91,9.95,9.50,9.72
9.92,7.50,7.50,7.50
9.92,7.80,8.20,8.00
9.92,8.05,9.05,8.55
9.92,8.25,7.75,8.00
9.92,8.40,8.65,8.52
9.92,8.55,9.00,8.77
9.92,8.70,7.95,8.32
9.92,8.80,8.05,8.42
9.92,8.85,9.15,9.00
9.92,8.95,8.45,8.70
9.92,9.00,9.30,9.15
9.92,9.10,6.05,7.57
9.92,9.15,8.45,8.80
9.92,9.20,8.55,8.87
9.92,9.25,9.00,9.12
9.92,9.30,8.85,9.07
9.92,9.35,8.40,8.87
9.92,9.40,8.50,8.95
9.92,9.45,8.80,9.12
9.92,9.50,9.10,9.30
9.92,9.55,9.15,9.35
9.92,9.60,9.05,9.32
9.92,9.65,9.20,9.42
9.92,9.70,9.50,9.60
9.92,9.80,8.85,9.32
9.92,9.90,9.20,9.55
9.93,7.40,7.60,7.50
9.93,7.95,7.60,7.77
9.93,8.20,7.40,7.80
9.93,8.40,8.20,8.30
9.93,8.60,7.95,8.27
9.93,8.70,8.50,8.60
9.93,8.80,8.90,8.85
9.93,8.90,8.85,8.87
9.93,8.95,9.65,9.30
9.93,9.10,6.30,7.70
9.93,9.15,8.30,8.72
9.93,9.20,7.40,8.30
9.93,9.25,8.50,8.87
9.93,9.30,9.05,9.17
9.93,9.35,9.70,9.52
9.93,9.45,8.60,9.02
9.93,9.50,9.05,9.27
9.93,9.55,9.20,9.37
9.93,9.60,9.45,9.52
9.93,9.65,9.75,9.70
9.93,9.75,9.25,9.50
9.93,9.90,8.55,9.22
9.94,6.85,7.45,7.15
9.94,7.70,7.30,7.50
9.94,8.00,7.70,7.85
9.94,8.25,6.85,7.55
9.94,8.35,8.40,8.37
9.94,8.50,7.80,8.15
9.94,8.60,7.50,8.05
9.94,8.65,9.05,8.85
9.94,8.75,9.25,9.00
9.94,8.85,9.15,9.00
9.94,8.95,7.70,8.32
9.94,9.00,8.50,8.75
9.94,9.05,8.60,8.82
9.94,9.10,8.45,8.77
9.94,9.15,7.40,8.27
9.94,9.15,9.50,9.32
9.94,9.20,9.70,9.45
9.94,9.25,9.25,9.25
9.94,9.30,9.10,9.20
9.94,9.35,8.75,9.05
9.94,9.40,8.60,9.00
9.94,9.45,7.70,8.57
9.94,9.45,9.55,9.50
9.94,9.50,9.10,9.30
9.94,9.55,9.20,9.37
9.94,9.60,9.25,9.42
9.94,9.65,8.70,9.17
9.94,9.70,8.95,9.32
9.94,9.75,9.25,9.50
9.94,9.80,9.65,9.72
9.94,9.90,8.70,9.30
9.94,10.00,9.20,9.60
9.95,7.55,5.25,6.40
9.95,7.90,8.55,8.22
9.95,8.20,8.00,8.10
9.95,8.35,9.70,9.02
9.95,8.50,8.85,8.67
9.95,8.65,8.20,8.42
9.95,8.75,7.95,8.35
9.95,8.80,8.80,8.80
9.95,8.90,7.80,8.35
9.95,8.95,8.35,8.65
9.95,9.00,9.10,9.05
9.95,9.05,9.00,9.02
9.95,9.10,9.15,9.12
9.95,9.15,8.70,8.92
9.95,9.20,7.50,8.35
9.95,9.20,9.60,9.40
9.95,9.25,9.10,9.17
9.95,9.30,9.10,9.20
9.95,9.35,8.90,9.12
9.95,9.40,7.95,8.67
9.95,9.40,9.30,9.35
9.95,9.45,8.70,9.07
9.95,9.50,8.40,8.95
9.95,9.50,9.45,9.47
9.95,9.55,9.40,9.47
9.95,9.60,8.75,9.17
9.95,9.65,8.65,9.15
9.95,9.65,9.65,9.65
9.95,9.70,9.25,9.47
9.95,9.75,9.25,9.50
9.95,9.80,8.90,9.35
9.95,9.85,9.20,9.52
9.95,9.90,9.90,9.90
9.95,10.00,9.80,9.90
9.96,8.05,7.40,7.72
9.96,8.45,9.05,8.75
9.96,8.75,9.25,9.00
9.96,8.90,8.60,8.75
9.96,9.00,9.65,9.32
9.96,9.10,9.35,9.22
9.96,9.20,9.25,9.22
9.96,9.30,9.20,9.25
9.96,9.40,8.95,9.17
9.96,9.50,8.90,9.20
9.96,9.55,9.20,9.37
9.96,9.65,7.95,8.80
9.96,9.70,9.20,9.45
9.96,9.80,9.10,9.45
9.96,9.95,8.65,9.30
9.97,7.55,6.70,7.12
9.97,7.95,9.45,8.70
9.97,8.15,9.20,8.67
9.97,8.35,9.65,9.00
9.97,8.50,8.80,8.65
9.97,8.60,8.35,8.47
9.97,8.70,8.10,8.40
9.97,8.75,9.05,8.90
9.97,8.85,8.65,8.75
9.97,8.90,9.55,9.22
9.97,9.00,6.55,7.77
9.97,9.05,7.95,8.50
9.97,9.10,8.65,8.87
9.97,9.15,8.20,8.67
9.97,9.15,9.40,9.27
9.97,9.20,8.70,8.95
9.97,9.25,7.80,8.52
9.97,9.25,9.15,9.20
9.97,9.30,8.80,9.05
9.97,9.30,9.65,9.47
9.97,9.35,9.55,9.45
9.97,9.40,9.15,9.27
9.97,9.45,8.95,9.20
9.97,9.50,8.25,8.87
9.97,9.50,9.30,9.40
9.97,9.55,8.85,9.20
9.97,9.55,9.60,9.57
9.97,9.60,8.95,9.27
9.97,9.65,7.10,8.37
9.97,9.65,9.60,9.62
9.97,9.70,9.05,9.37
9.97,9.75,8.30,9.02
9.97,9.75,9.70,9.72
9.97,9.80,9.75,9.77
9.97,9.90,8.45,9.17
9.97,9.90,9.80,9.85
9.98,6.75,6.55,6.65
9.98,7.90,8.80,8.35
9.98,8.20,8.05,8.12
9.98,8.40,8.85,8.62
9.98,8.55,8.20,8.37
9.98,8.70,8.10,8.40
9.98,8.75,9.10,8.92
9.98,8.85,7.65,8.25
9.98,8.90,8.45,8.67
9.98,8.95,8.70,8.82
9.98,9.00,8.95,8.97
9.98,9.05,8.50,8.77
9.98,9.10,8.70,8.90
9.98,9.15,8.80,8.97
9.98,9.20,8.55,8.87
9.98,9.20,9.70,9.45
9.98,9.25,9.35,9.30
9.98,9.30,8.60,8.95
9.98,9.30,9.30,9.30
9.98,9.35,8.90,9.12
9.98,9.35,9.60,9.47
9.98,9.40,8.95,9.17
9.98,9.40,9.55,9.47
9.98,9.45,8.85,9.15
9.98,9.45,9.50,9.47
9.98,9.50,9.00,9.25
9.98,9.50,9.40,9.45
9.98,9.55,8.45,9.00
9.98,9.55,9.35,9.45
9.98,9.60,8.30,8.95
9.98,9.60,9.35,9.47
9.98,9.65,8.50,9.07
9.98,9.65,9.35,9.50
9.98,9.70,8.90,9.30
9.98,9.70,9.65,9.67
9.98,9.75,9.10,9.42
9.98,9.75,9.55,9.65
9.98,9.80,9.15,9.47
9.98,9.85,8.45,9.15
9.98,9.85,9.70,9.77
9.98,9.90,9.55,9.72
9.98,9.95,9.75,9.85
9.98,10.00,9.75,9.87
9.99,8.60,7.70,8.15
9.99,9.05,8.05,8.55
9.99,9.35,9.10,9.22
9.99,9.50,9.60,9.55
9.99,9.70,7.80,8.75
9.99,9.95,9.55,9.75
10.00,7.50,7.05,7.27
10.00,7.85,9.10,8.47
10.00,8.10,7.95,8.02
10.00,8.20,9.00,8.60
10.00,8.30,9.60,8.95
10.00,8.40,9.25,8.82
10.00,8.50,8.65,8.57
10.00,8.55,9.05,8.80
10.00,8.60,9.35,8.97
10.00,8.70,8.45,8.57
10.00,8.75,7.95,8.35
10.00,8.75,9.30,9.02
10.00,8.80,8.70,8.75
10.00,8.85,7.95,8.40
10.00,8.85,9.65,9.25
10.00,8.90,9.10,9.00
10.00,8.95,8.85,8.90
10.00,8.95,9.70,9.32
10.00,9.00,9.05,9.02
10.00,9.00,9.55,9.27
10.00,9.05,8.50,8.77
10.00,9.05,9.20,9.12
10.00,9.10,7.35,8.22
10.00,9.10,8.85,8.97
10.00,9.10,9.30,9.20
10.00,9.15,7.65,8.40
10.00,9.15,8.95,9.05
10.00,9.15,9.25,9.20
10.00,9.20,7.55,8.37
10.00,9.20,8.85,9.02
10.00,9.20,9.25,9.22
10.00,9.20,9.50,9.35
10.00,9.25,8.50,8.87
10.00,9.25,9.00,9.12
10.00,9.25,9.25,9.25
10.00,9.25,9.55,9.40
10.00,9.30,8.05,8.67
10.00,9.30,9.00,9.15
10.00,9.30,9.35,9.32
10.00,9.30,9.60,9.45
10.00,9.35,8.65,9.00
10.00,9.35,9.10,9.22
10.00,9.35,9.30,9.32
10.00,9.35,9.55,9.45
10.00,9.40,8.35,8.87
10.00,9.40,9.00,9.20
10.00,9.40,9.25,9.32
10.00,9.40,9.50,9.45
10.00,9.40,9.75,9.57
10.00,9.45,7.80,8.62
10.00,9.45,9.00,9.22
10.00,9.45,9.20,9.32
10.00,9.45,9.40,9.42
10.00,9.45,9.65,9.55
10.00,9.50,8.30,8.90
10.00,9.50,9.05,9.27
10.00,9.50,9.20,9.35
10.00,9.50,9.35,9.42
10.00,9.50,9.55,9.52
10.00,9.50,9.75,9.62
10.00,9.55,8.15,8.85
10.00,9.55,8.85,9.20
10.00,9.55,9.15,9.35
10.00,9.55,9.35,9.45
10.00,9.55,9.50,9.52
10.00,9.55,9.65,9.60
10.00,9.55,9.85,9.70
10.00,9.60,8.85,9.22
10.00,9.60,9.10,9.35
10.00,9.60,9.30,9.45
10.00,9.60,9.45,9.52
10.00,9.60,9.65,9.62
10.00,9.60,9.80,9.70
10.00,9.65,8.55,9.10
10.00,9.65,9.00,9.32
10.00,9.65,9.15,9.40
10.00,9.65,9.35,9.50
10.00,9.65,9.45,9.55
10.00,9.65,9.55,9.60
10.00,9.65,9.75,9.70
10.00,9.70,8.45,9.07
10.00,9.70,9.10,9.40
10.00,9.70,9.25,9.47
10.00,9.70,9.40,9.55
10.00,9.70,9.55,9.62
10.00,9.70,9.65,9.67
10.00,9.70,9.80,9.75
10.00,9.75,8.65,9.20
10.00,9.75,9.15,9.45
10.00,9.75,9.35,9.55
10.00,9.75,9.50,9.62
10.00,9.75,9.65,9.70
10.00,9.75,9.80,9.77
10.00,9.80,8.60,9.20
10.00,9.80,9.20,9.50
10.00,9.80,9.35,9.57
10.00,9.80,9.50,9.65
10.00,9.80,9.70,9.75
10.00,9.80,9.80,9.80
10.00,9.85,8.80,9.32
10.00,9.85,9.25,9.55
10.00,9.85,9.45,9.65
10.00,9.85,9.60,9.72
10.00,9.85,9.80,9.82
10.00,9.90,8.65,9.27
10.00,9.90,9.25,9.57
10.00,9.90,9.50,9.70
10.00,9.90,9.75,9.82
10.00,9.95,8.80,9.37
10.00,9.95,9.55,9.75
10.00,10.00,8.80,9.40
10.00,10.00,9.30,9.65
10.00,10.00,9.50,9.75
10.00,10.00,9.65,9.82
10.00,10.00,9.80,9.90
